url,source
https://omnivorescookbook.com/wp-content/uploads/2026/06/230712_Bitter-Melon-With-Eggs_9.jpg,Omnivores cookbook
https://omnivorescookbook.com/wp-content/uploads/2026/06/200806_Kimchi-Fried-Rice_1.jpg,Omnivores cookbook
https://omnivorescookbook.com/wp-content/uploads/2026/06/260625_Mushroom-And-Pepper-Stir-Fry_5.jpg,Omnivores cookbook
https://omnivorescookbook.com/wp-content/uploads/2026/06/180812_Silkie-Chicken-Soup_3.jpg,Omnivores cookbook
https://omnivorescookbook.com/wp-content/uploads/2026/06/191122_Korean-Fire-Chicken_9.jpg,Omnivores cookbook
https://omnivorescookbook.com/wp-content/uploads/2026/06/260617_Tofu-Fried-Rice_13.jpg,Omnivores cookbook
https://omnivorescookbook.com/wp-content/uploads/2024/10/240910_Roast-Lamb-Shank_2.jpg,Omnivores cookbook
https://omnivorescookbook.com/wp-content/uploads/2026/06/200605_Japanese-Egg-Katsu-Sando_1.jpg,Omnivores cookbook
https://omnivorescookbook.com/wp-content/uploads/2026/06/160926_Miso-Glazed-Carrot_4.jpg,Omnivores cookbook
https://omnivorescookbook.com/wp-content/uploads/2026/06/260602_Steamed-Chicken-Buns_3.jpg,Omnivores cookbook
https://omnivorescookbook.com/wp-content/uploads/2026/06/170905_Thai-Fish-Cake_3.jpg,Omnivores cookbook
https://omnivorescookbook.com/wp-content/uploads/2026/06/140301_Korean-Army-Stew_1.jpg,Omnivores cookbook
https://omnivorescookbook.com/wp-content/uploads/2026/06/201016_Chinese-Drunken-Chicken_2.jpg,Omnivores cookbook
https://omnivorescookbook.com/wp-content/uploads/2026/06/250512_Matcha-Tiramisu_1.jpg,Omnivores cookbook
https://omnivorescookbook.com/wp-content/uploads/2025/03/250227_Clams-in-Black-Beans-Sauce_1.jpg,Omnivores cookbook
https://omnivorescookbook.com/wp-content/uploads/2026/05/221013_Chicken-Chow-Mein_2.jpg,Omnivores cookbook
https://omnivorescookbook.com/wp-content/uploads/2026/05/230703_Stir-Fried-Cauliflower-With-Tomato-Sauce_1.jpg,Omnivores cookbook
https://omnivorescookbook.com/wp-content/uploads/2026/06/200417_Shrimp-Spring-Rolls_1.jpg,Omnivores cookbook
https://omnivorescookbook.com/wp-content/uploads/2026/05/200124_Salt-And-Pepper-Shrimp_3.jpg,Omnivores cookbook
https://omnivorescookbook.com/wp-content/uploads/2026/05/221102_Singapore-Noodles_2.jpg,Omnivores cookbook
https://omnivorescookbook.com/wp-content/uploads/2026/06/240305_Pork-And-Cabbage-Stir-Fry_1.jpg,Omnivores cookbook
https://omnivorescookbook.com/wp-content/uploads/2026/05/260521_Ginger-Beef_2.jpg,Omnivores cookbook
https://omnivorescookbook.com/wp-content/uploads/2026/05/260521_Egg-Drop-Soup_7.jpg,Omnivores cookbook
https://omnivorescookbook.com/wp-content/uploads/2026/05/260514_Kung-Pao-Cauliflower_2.jpg,Omnivores cookbook
https://omnivorescookbook.com/wp-content/uploads/2026/05/210713_Beef-Lo-Mein_2.jpg,Omnivores cookbook
https://omnivorescookbook.com/wp-content/uploads/2026/05/230407_-Egg-Fried-Rice_2.jpg,Omnivores cookbook
https://omnivorescookbook.com/wp-content/uploads/2024/02/201015_Honey-Pork-Chop_3.jpg,Omnivores cookbook
https://omnivorescookbook.com/wp-content/uploads/2026/05/200224_Dan-Dan-Noodles_1.jpg,Omnivores cookbook
https://omnivorescookbook.com/wp-content/uploads/2026/05/260513_Sesame-Miso-Shortbread-Sandwich_3.jpg,Omnivores cookbook
https://omnivorescookbook.com/wp-content/uploads/2026/05/160827_Pork-and-Napa-Cabbage-Dumplings_2.jpg,Omnivores cookbook
https://omnivorescookbook.com/wp-content/uploads/2026/05/260518-Asian-Grilling-And-BBQ-Recipes.jpg,Omnivores cookbook
https://omnivorescookbook.com/wp-content/uploads/2026/04/260414_Chinese-Tomato-Noodle-Soup_2.jpg,Omnivores cookbook
https://omnivorescookbook.com/wp-content/uploads/2026/05/190823_Salmon-Poke-Bowl_2.jpg,Omnivores cookbook
https://omnivorescookbook.com/wp-content/uploads/2026/05/161228_Homemade-Black-Bean-Sauce_2.jpg,Omnivores cookbook
https://omnivorescookbook.com/wp-content/uploads/2026/05/210218_Drunken-Noodles_2.jpg,Omnivores cookbook
https://omnivorescookbook.com/wp-content/uploads/2021/08/210713_Shrimp-And-Broccoli_5-1.jpg,Omnivores cookbook
https://omnivorescookbook.com/wp-content/uploads/2026/04/230516_Vegetable-Fried-Rice_3.jpg,Omnivores cookbook
https://omnivorescookbook.com/wp-content/uploads/2026/04/240627_Kung-Pao-Chicken_2.jpg,Omnivores cookbook
https://omnivorescookbook.com/wp-content/uploads/2026/05/260212_Wifes-Cake_1.jpg,Omnivores cookbook
https://omnivorescookbook.com/wp-content/uploads/2026/04/211012_General-Taos-Tofu_3.jpg,Omnivores cookbook
https://omnivorescookbook.com/wp-content/uploads/2026/04/230105_Cashew-Chicken_2.jpg,Omnivores cookbook
https://omnivorescookbook.com/wp-content/uploads/2026/04/200224_Pineapple-Buns_3.jpg,Omnivores cookbook
https://omnivorescookbook.com/wp-content/uploads/2026/04/140410_String-Bean-Chicken_3.jpg,Omnivores cookbook
https://omnivorescookbook.com/wp-content/uploads/2026/04/230802_Pork-And-Chive-Dumplings_2.jpg,Omnivores cookbook
https://omnivorescookbook.com/wp-content/uploads/2026/04/240402_Scallion-Oil-Noodle_2.jpg,Omnivores cookbook
https://omnivorescookbook.com/wp-content/uploads/2026/04/240613_Mouth-Watering-Chicken-Kou-Shui-Ji_2.jpg,Omnivores cookbook
https://omnivorescookbook.com/wp-content/uploads/2026/04/260414_Chinese-Eggplant-And-Green-Beans_1.jpg,Omnivores cookbook
https://omnivorescookbook.com/wp-content/uploads/2026/04/191124_Char-Siu-Bao_1.jpg,Omnivores cookbook
https://omnivorescookbook.com/wp-content/uploads/2026/04/210218_Black-Pepper-Tofu_1.jpg,Omnivores cookbook
https://omnivorescookbook.com/wp-content/uploads/2026/04/230619_Chinese-Lemon-Chicken_2.jpg,Omnivores cookbook
https://omnivorescookbook.com/wp-content/uploads/2026/04/240521_Honey-Garlic-Shrimp_2.jpg,Omnivores cookbook
https://omnivorescookbook.com/wp-content/uploads/2026/04/260324_Broccoli-and-Egg-Stir-Fry_1.jpg,Omnivores cookbook
https://omnivorescookbook.com/wp-content/uploads/2026/03/200327_Korean-Instant-Pot-Short-Ribs_3.jpg,Omnivores cookbook
https://omnivorescookbook.com/wp-content/uploads/2026/04/240710_Stir-Fried-Eggplant-with-Tomato_1.jpg,Omnivores cookbook
https://omnivorescookbook.com/wp-content/uploads/2026/04/260326_Steamed-Fish-with-Black-Bean-Sauce_3.jpg,Omnivores cookbook
https://omnivorescookbook.com/wp-content/uploads/2026/03/200730_Soy-Sauce-Noodles_1.jpg,Omnivores cookbook
https://omnivorescookbook.com/wp-content/uploads/2026/03/230511_Egg-Banh-Mi_1.jpg,Omnivores cookbook
https://omnivorescookbook.com/wp-content/uploads/2026/04/260401-Best-Chinese-Chicken-Recipes.jpg,Omnivores cookbook
https://omnivorescookbook.com/wp-content/uploads/2026/03/140109_Chinese-Vegan-Dumplings_3.jpg,Omnivores cookbook
https://omnivorescookbook.com/wp-content/uploads/2026/03/200806_Korean-Soft-Tofu-Stew-Sundubu-Jjigae_1.jpg,Omnivores cookbook
https://omnivorescookbook.com/wp-content/uploads/2026/03/260319_Chinese-Honey-Soy-Chicken-Wings_4.jpg,Omnivores cookbook
https://omnivorescookbook.com/wp-content/uploads/2026/03/260327-Best-Sichuan-Recipes.jpg,Omnivores cookbook
https://omnivorescookbook.com/wp-content/uploads/2026/03/260319_Ginger-Chicken_2.jpg,Omnivores cookbook
https://omnivorescookbook.com/wp-content/uploads/2026/03/260312_Braised-Winter-Melon-with-Ground-Chicken_1.jpg,Omnivores cookbook
https://omnivorescookbook.com/wp-content/uploads/2026/03/260310_teamed-Pork-Ribs-with-Black-Beans-Sauce_2.jpg,Omnivores cookbook
https://omnivorescookbook.com/wp-content/uploads/2025/02/250109_Bourbone-Chicken_1.jpg,Omnivores cookbook
https://omnivorescookbook.com/wp-content/uploads/2026/03/200702_Korean-Seafood-Pancakes_2.jpg,Omnivores cookbook
https://omnivorescookbook.com/wp-content/uploads/2026/03/260316-Vegetarian-Chinese-Recipes.jpg,Omnivores cookbook
https://omnivorescookbook.com/wp-content/uploads/2026/03/260312_Braised-Bamboo-Shoot-with-Shiitake-Mushroom_1.jpg,Omnivores cookbook
https://omnivorescookbook.com/wp-content/uploads/2026/02/200416_Spicy-Noodle-Salad_2.jpg,Omnivores cookbook
https://omnivorescookbook.com/wp-content/uploads/2026/03/241029_Instant-Pot-Chinese-Shredded-Chicken_1.jpg,Omnivores cookbook
https://omnivorescookbook.com/wp-content/uploads/2026/02/211014_Salt-And-Pepper-Tofu_6.jpg,Omnivores cookbook
https://omnivorescookbook.com/wp-content/uploads/2024/12/241210_Garlic-Fried-Rice_2.jpg,Omnivores cookbook
https://omnivorescookbook.com/wp-content/uploads/2026/02/200904_Homemade-XO-Sauce_1.jpg,Omnivores cookbook
https://omnivorescookbook.com/wp-content/uploads/2026/03/260225_Shrimp-Wonton-Soup_1.jpg,Omnivores cookbook
https://omnivorescookbook.com/wp-content/uploads/2026/03/200605_Three-Cup-Chicken_1.jpg,Omnivores cookbook
https://omnivorescookbook.com/wp-content/uploads/2026/02/140302_Egg-Curry_2.jpg,Omnivores cookbook
https://omnivorescookbook.com/wp-content/uploads/2026/02/200731_Hot-Dry-Noodles_1.jpg,Omnivores cookbook
https://omnivorescookbook.com/wp-content/uploads/2026/03/240822_Salmon-Fried-Rice_4.jpg,Omnivores cookbook
https://omnivorescookbook.com/wp-content/uploads/2026/02/260218_Vegetarian-Hot-And-Sour-Soup_3.jpg,Omnivores cookbook
https://omnivorescookbook.com/wp-content/uploads/2026/02/221222_Sweet-and-Sour-Pork-Ribs_3.jpg,Omnivores cookbook
https://omnivorescookbook.com/wp-content/uploads/2026/02/211012_Tomato-Egg-Drop-Soup_1.jpg,Omnivores cookbook
https://omnivorescookbook.com/wp-content/uploads/2026/02/230224_Cantonese-Shumai-with-Pork-And-Shrimp_2.jpg,Omnivores cookbook
https://omnivorescookbook.com/wp-content/uploads/2026/02/200529_One-Pan-Chinese-Chicken-Rice_2.jpg,Omnivores cookbook
https://omnivorescookbook.com/wp-content/uploads/2026/02/200309_Vegetable-Lo-Mein_2.jpg,Omnivores cookbook
https://omnivorescookbook.com/wp-content/uploads/2026/02/260210_Chinese-Milky-Fish-Soup_1.jpg,Omnivores cookbook
https://omnivorescookbook.com/wp-content/uploads/2026/02/210218_Tofu-Lettuce-Wrap_2.jpg,Omnivores cookbook
https://omnivorescookbook.com/wp-content/uploads/2026/02/200917_Sweet-and-Sour-Meatballs_2.jpg,Omnivores cookbook
https://omnivorescookbook.com/wp-content/uploads/2024/12/241202_Peanut-Noodles_4.jpg,Omnivores cookbook
https://omnivorescookbook.com/wp-content/uploads/2026/02/260210_Bok-Choy-With-Oyster-Sauce_3.jpg,Omnivores cookbook
https://omnivorescookbook.com/wp-content/uploads/2026/02/170521_Salt-And-Pepper-Squid_1.jpg,Omnivores cookbook
https://omnivorescookbook.com/wp-content/uploads/2026/01/260127_Chinese-Turnip-Cake_3.jpg,Omnivores cookbook
https://omnivorescookbook.com/wp-content/uploads/2026/02/240604_Spicy-Cucumber-Salad_2.jpg,Omnivores cookbook
https://omnivorescookbook.com/wp-content/uploads/2025/05/250415_Char-Siu-Chicken_1.jpg,Omnivores cookbook
https://omnivorescookbook.com/wp-content/uploads/2026/01/251216_Chinese-Egg-And-Green-Onion-Crepe_1.jpg,Omnivores cookbook
https://omnivorescookbook.com/wp-content/uploads/2026/01/230216_Chinese-Salmon-Stir-Fry_2.jpg,Omnivores cookbook
https://omnivorescookbook.com/wp-content/uploads/2024/08/240730_Beef-Chow-Fun_1.jpg,Omnivores cookbook
https://omnivorescookbook.com/wp-content/uploads/2026/01/260137-Chinese-New-Year-Recipes.jpg,Omnivores cookbook
https://omnivorescookbook.com/wp-content/uploads/2026/01/260108_Chinese-Braised-Fish_1.jpg,Omnivores cookbook
https://omnivorescookbook.com/wp-content/uploads/2020/07/200702_Hand-Pulled-Noodles-Updated_1-scaled.jpg,Omnivores cookbook
https://omnivorescookbook.com/wp-content/uploads/2026/01/200415_Chicken-Chop-Suey_1.jpg,Omnivores cookbook
https://omnivorescookbook.com/wp-content/uploads/2026/01/251209_Guo-Kui_1.jpg,Omnivores cookbook
https://omnivorescookbook.com/wp-content/uploads/2026/01/220921_Yang-Zhou-Chao-Fan_1.jpg,Omnivores cookbook
https://omnivorescookbook.com/wp-content/uploads/2026/01/240118_Chinese-Steamed-Whole-Fish_1.jpg,Omnivores cookbook
https://omnivorescookbook.com/wp-content/uploads/2025/12/251211_Hong-Kong-Bolognese-Spaghetti_4.jpg,Omnivores cookbook
https://omnivorescookbook.com/wp-content/uploads/2025/12/251211_Hot-And-Sour-Soup_4.jpg,Omnivores cookbook
https://omnivorescookbook.com/wp-content/uploads/2025/12/251204_Spinach-And-Egg-Stir-Fry_1.jpg,Omnivores cookbook
https://omnivorescookbook.com/wp-content/uploads/2025/12/231204_Walnut-Shrimp_2.jpg,Omnivores cookbook
https://omnivorescookbook.com/wp-content/uploads/2025/12/251216_Chinese-Potato-Salad_1.jpg,Omnivores cookbook
https://omnivorescookbook.com/wp-content/uploads/2025/12/201218_Chinese-Egg-Cake_2.jpg,Omnivores cookbook
https://omnivorescookbook.com/wp-content/uploads/2025/12/210203_Shrimp-with-Lobster-Sauce_2.jpg,Omnivores cookbook
https://omnivorescookbook.com/wp-content/uploads/2025/12/251120_Stir-Fried-Green-Bean-with-Ground-Pork_2.jpg,Omnivores cookbook
https://omnivorescookbook.com/wp-content/uploads/2025/12/200806_Chinese-Steamed-Eggs_2.jpg,Omnivores cookbook
https://omnivorescookbook.com/wp-content/uploads/2025/12/251212-Authentic-Chinese-Rice-Recipes.jpg,Omnivores cookbook
https://omnivorescookbook.com/wp-content/uploads/2025/12/251209_Sichuan-Peppercorn-Gingersnap-Cookies_2.jpg,Omnivores cookbook
https://omnivorescookbook.com/wp-content/uploads/2025/12/251204_Shrimp-Mei-Fun_1.jpg,Omnivores cookbook
https://omnivorescookbook.com/wp-content/uploads/2025/12/251120_Pork-And-Pepper-Stir-Fry_2.jpg,Omnivores cookbook
https://omnivorescookbook.com/wp-content/uploads/2025/12/251202-Authentic-Chinese-Noodle-Recipes.jpg,Omnivores cookbook
https://omnivorescookbook.com/wp-content/uploads/2025/11/251120_Wasabi-Mayo-Shrimp_1.jpg,Omnivores cookbook
https://omnivorescookbook.com/wp-content/uploads/2025/11/230911_Lanzhou-Beef-Noodle-Soup_2.jpg,Omnivores cookbook
https://omnivorescookbook.com/wp-content/uploads/2025/11/220217_Ground-Pork-Fried-Rice_1.jpg,Omnivores cookbook
https://omnivorescookbook.com/wp-content/uploads/2025/11/251113_Twice-Cooked-Pork_1.jpg,Omnivores cookbook
https://omnivorescookbook.com/wp-content/uploads/2025/11/220215_Winter-Melon-Soup-With-Meatballs_1.jpg,Omnivores cookbook
https://omnivorescookbook.com/wp-content/uploads/2025/11/221111_Slow-Roast-Turkey-Leg_3.jpg,Omnivores cookbook
https://omnivorescookbook.com/wp-content/uploads/2025/11/251110_Ge-Da-Tang-Chinese-Dough-Drop-Soup_2.jpg,Omnivores cookbook
https://omnivorescookbook.com/wp-content/uploads/2025/11/251106_Cumin-Beef_2.jpg,Omnivores cookbook
https://omnivorescookbook.com/wp-content/uploads/2017/04/Chinese-Vegetable-Stir-Fry-Recipes-Featured.jpg,Omnivores cookbook
https://omnivorescookbook.com/wp-content/uploads/2025/11/251028_Da-Pan-Ji_1.jpg,Omnivores cookbook
https://omnivorescookbook.com/wp-content/uploads/2025/11/251028_Thai-Pineapple-Fried-Rice_2.jpg,Omnivores cookbook
https://omnivorescookbook.com/wp-content/uploads/2025/10/Authentic-Chinese-Soup-Recipes-Main-Featured.jpg,Omnivores cookbook
https://omnivorescookbook.com/wp-content/uploads/2025/10/251028_Easy-Fried-Noodles_1.jpg,Omnivores cookbook
https://omnivorescookbook.com/wp-content/uploads/2025/10/251016_Chinese-Fried-Chicken-Wings_1.jpg,Omnivores cookbook
https://omnivorescookbook.com/wp-content/uploads/2025/10/Asian-Thanksgiving-Recipes-Main-Featured.jpg,Omnivores cookbook
https://omnivorescookbook.com/wp-content/uploads/2025/10/251016_Gyudon_1.jpg,Omnivores cookbook
https://omnivorescookbook.com/wp-content/uploads/2025/10/251016_Chinese-Coleslaw_1.jpg,Omnivores cookbook
https://omnivorescookbook.com/wp-content/uploads/2025/10/251014_Chinese-Braised-Pea-Shoots_1.jpg,Omnivores cookbook
https://omnivorescookbook.com/wp-content/uploads/2025/10/250925_Chinese-Stuffed-Pepper_3.jpg,Omnivores cookbook
https://omnivorescookbook.com/wp-content/uploads/2025/10/250916_Peking-Pork-Ribs_1.jpg,Omnivores cookbook
https://omnivorescookbook.com/wp-content/uploads/2025/10/250930_Black-Pepper-Steak_1.jpg,Omnivores cookbook
https://omnivorescookbook.com/wp-content/uploads/2025/10/250925_Deconstruted-Wonton-Soup_1.jpg,Omnivores cookbook
https://omnivorescookbook.com/wp-content/uploads/2025/09/250923_Kao-Bao-Zi-Baked-Lamb-Buns_1.jpg,Omnivores cookbook
https://omnivorescookbook.com/wp-content/uploads/2025/09/250916_Vegetable-Mei-Fun_2.jpg,Omnivores cookbook
https://omnivorescookbook.com/wp-content/uploads/2025/09/250916_Chinese-Pearl-Balls_2.jpg,Omnivores cookbook
https://omnivorescookbook.com/wp-content/uploads/2025/09/250904_Chinese-Duck-Stir-Fry_2.jpg,Omnivores cookbook
https://omnivorescookbook.com/wp-content/uploads/2025/09/250911_Traditional-Mooncake_1.jpg,Omnivores cookbook
https://omnivorescookbook.com/wp-content/uploads/2025/09/250904_Cucumber-And-Egg-Stir-Fry_3.jpg,Omnivores cookbook
https://omnivorescookbook.com/wp-content/uploads/2025/09/250826_Chinese-Spicy-Chicken-Noodle-Soup_1.jpg,Omnivores cookbook
https://omnivorescookbook.com/wp-content/uploads/2025/09/250814_Ginger-Fried-Rice_3.jpg,Omnivores cookbook
https://omnivorescookbook.com/wp-content/uploads/2025/09/250819_Kung-Pao-Tofu_2.jpg,Omnivores cookbook
https://omnivorescookbook.com/wp-content/uploads/2025/08/250729_Air-Fryer-Chinese-Roast-Chicken_1.jpg,Omnivores cookbook
https://omnivorescookbook.com/wp-content/uploads/2025/08/250701_Roast-Pork-Lo-Mein_1.jpg,Omnivores cookbook
https://omnivorescookbook.com/wp-content/uploads/2025/08/250805_Sichuan-Dumplings_1.jpg,Omnivores cookbook
https://omnivorescookbook.com/wp-content/uploads/2025/08/250805_Homemade-Dumpling-Wrappers_5.jpg,Omnivores cookbook
https://omnivorescookbook.com/wp-content/uploads/2025/08/250708_Zucchini-And-Pork-Stir-Fry_1.jpg,Omnivores cookbook
https://omnivorescookbook.com/wp-content/uploads/2025/08/250729_Honey-Sriracha-Wings_4.jpg,Omnivores cookbook
https://omnivorescookbook.com/wp-content/uploads/2025/07/250724_Shanghai-Fried-Noodles_1.jpg,Omnivores cookbook
https://omnivorescookbook.com/wp-content/uploads/2025/07/250722_Rose-Lemonade_4.jpg,Omnivores cookbook
https://omnivorescookbook.com/wp-content/uploads/2025/07/250512_Hojicha-Purin_1.jpg,Omnivores cookbook
https://omnivorescookbook.com/wp-content/uploads/2025/07/250701_Cashew-Shrimp_1.jpg,Omnivores cookbook
https://omnivorescookbook.com/wp-content/uploads/2025/06/250626_Yunnan-Lime-Chicken-Salad_1.jpg,Omnivores cookbook
https://omnivorescookbook.com/wp-content/uploads/2025/06/250610_Sichuan-Crispy-Beef_3.jpg,Omnivores cookbook
https://omnivorescookbook.com/wp-content/uploads/2025/06/250610_Green-Bean-with-Peanut-Sauce_2.jpg,Omnivores cookbook
https://omnivorescookbook.com/wp-content/uploads/2025/06/250527_Hong-Kong-Pan-Fried-Pork-Chops_2.jpg,Omnivores cookbook
https://omnivorescookbook.com/wp-content/uploads/2025/06/250509_African-Chicken_1.jpg,Omnivores cookbook
https://omnivorescookbook.com/wp-content/uploads/2025/06/250527_Enoki-Mushroom-Stir-Fry_4.jpg,Omnivores cookbook
https://omnivorescookbook.com/wp-content/uploads/2025/06/250509_Chicken-Pan-Fried-Noodles_3.jpg,Omnivores cookbook
https://omnivorescookbook.com/wp-content/uploads/2025/05/250527_Okra-Stir-Fry_1.jpg,Omnivores cookbook
https://omnivorescookbook.com/wp-content/uploads/2025/05/250506_Hong-Kong-Beef-Curry_1.jpg,Omnivores cookbook
https://omnivorescookbook.com/wp-content/uploads/2025/05/250429_Air-Fryer-Tofu_4.jpg,Omnivores cookbook
https://omnivorescookbook.com/wp-content/uploads/2025/05/250422_Claypot-Rice_4.jpg,Omnivores cookbook
https://omnivorescookbook.com/wp-content/uploads/2025/05/250506_Broccoli-with-Garlic-Sauce_2.jpg,Omnivores cookbook
https://omnivorescookbook.com/wp-content/uploads/2025/05/250328_Celery-Stir-Fry_2.jpg,Omnivores cookbook
https://omnivorescookbook.com/wp-content/uploads/2025/05/250422_Beef-And-Mushroom-Stir-Fry_1.jpg,Omnivores cookbook
https://omnivorescookbook.com/wp-content/uploads/2025/04/250328_Spam-Fried-Rice_1.jpg,Omnivores cookbook
https://omnivorescookbook.com/wp-content/uploads/2025/04/250408_White-Cut-Chicken_2.jpg,Omnivores cookbook
https://omnivorescookbook.com/wp-content/uploads/2025/04/250410_Spinach-Stir-Fry_1.jpg,Omnivores cookbook
https://omnivorescookbook.com/wp-content/uploads/2025/04/250328_Air-Fryer-Siu-Yuk_2.jpg,Omnivores cookbook
https://omnivorescookbook.com/wp-content/uploads/2025/04/250408_West-Lake-Beef-Soup_1.jpg,Omnivores cookbook
https://omnivorescookbook.com/wp-content/uploads/2025/04/250326_Stuffed-Tofu_1.jpg,Omnivores cookbook
https://omnivorescookbook.com/wp-content/uploads/2025/04/250317_Lemon-Crepe-Cake_3.jpg,Omnivores cookbook
https://omnivorescookbook.com/wp-content/uploads/2025/03/250320_Mongolian-Chicken_3.jpg,Omnivores cookbook
https://omnivorescookbook.com/wp-content/uploads/2025/03/250318_Cheung-Fun-with-Shrimp_1.jpg,Omnivores cookbook
https://omnivorescookbook.com/wp-content/uploads/2025/03/250227_Taiwanese-Fried-Chicken_5.jpg,Omnivores cookbook
https://omnivorescookbook.com/wp-content/uploads/2025/03/250227_Hunan-Chicken_3.jpg,Omnivores cookbook
https://omnivorescookbook.com/wp-content/uploads/2025/03/250306_Lamb-Burger_3.jpg,Omnivores cookbook
https://omnivorescookbook.com/wp-content/uploads/2025/03/250306_Taiwainese-Beef-Noodle-Soup_1.jpg,Omnivores cookbook
https://omnivorescookbook.com/wp-content/uploads/2025/03/250225_Kung-Pao-Beef_1.jpg,Omnivores cookbook
https://omnivorescookbook.com/wp-content/uploads/2025/02/250130_Asparagus-Stir-Fry_1.jpg,Omnivores cookbook
https://omnivorescookbook.com/wp-content/uploads/2025/02/250120_Japanese-Cheesecake_3.jpg,Omnivores cookbook
https://omnivorescookbook.com/wp-content/uploads/2025/02/241217_Sichuan-Boiled-Beef_4.jpg,Omnivores cookbook
https://omnivorescookbook.com/wp-content/uploads/2025/02/250116_Pickled-Daikon_2.jpg,Omnivores cookbook
https://omnivorescookbook.com/wp-content/uploads/2025/02/241203_Shrimp-Lo-Mein_1.jpg,Omnivores cookbook
https://omnivorescookbook.com/wp-content/uploads/2025/02/250123_Wood-Ear-Mushroom-Salad_1.jpg,Omnivores cookbook
https://omnivorescookbook.com/wp-content/uploads/2025/01/241014_Hong-Kong-French-Toast_3.jpg,Omnivores cookbook
https://omnivorescookbook.com/wp-content/uploads/2025/01/250109_Salt-and-Pepper-Wings_4.jpg,Omnivores cookbook
https://omnivorescookbook.com/wp-content/uploads/2025/01/241209_Sesame-Balls_5.jpg,Omnivores cookbook
https://omnivorescookbook.com/wp-content/uploads/2025/01/250101_Longevity-Noodles-Yi-Mian_2.jpg,Omnivores cookbook
https://omnivorescookbook.com/wp-content/uploads/2025/01/250114_Chinese-Roast-Duck_2.jpg,Omnivores cookbook
https://omnivorescookbook.com/wp-content/uploads/2025/01/241216_Wonton-Noodle-Soup_1.jpg,Omnivores cookbook
https://omnivorescookbook.com/wp-content/uploads/2025/01/241216_Chinese-Chicken-Stock_1.jpg,Omnivores cookbook
https://omnivorescookbook.com/wp-content/uploads/2025/01/241217_Tofu-And-Broccoli_1.jpg,Omnivores cookbook
https://omnivorescookbook.com/wp-content/uploads/2024/12/241104_Shrimp-Fried-Rice_1.jpg,Omnivores cookbook
https://omnivorescookbook.com/wp-content/uploads/2024/12/241210_Oyster-Mushroom-Stir-Fry_1.jpg,Omnivores cookbook
https://omnivorescookbook.com/wp-content/uploads/2024/12/241209_Honey-Glazed-Salmon_1.jpg,Omnivores cookbook
https://omnivorescookbook.com/wp-content/uploads/2024/12/241216_Shrimp-Toast_2.jpg,Omnivores cookbook
https://omnivorescookbook.com/wp-content/uploads/2024/12/241203_Chicken-With-Garlic-Sauce_1.jpg,Omnivores cookbook
https://omnivorescookbook.com/wp-content/uploads/2024/12/241104_Beef-And-Tomato-Stir-Fry_1.jpg,Omnivores cookbook
https://omnivorescookbook.com/wp-content/uploads/2024/12/241118_Matcha-Cake_1.jpg,Omnivores cookbook
https://omnivorescookbook.com/wp-content/uploads/2024/11/241121_Suan-Cai-Yu_1.jpg,Omnivores cookbook
https://omnivorescookbook.com/wp-content/uploads/2024/11/241119_Chinese-Braised-Chicken_2.jpg,Omnivores cookbook
https://omnivorescookbook.com/wp-content/uploads/2024/11/241107_Sesame-Tofu_1.jpg,Omnivores cookbook
https://omnivorescookbook.com/wp-content/uploads/2024/11/241104_Shrimp-Chow-Mein_1.jpg,Omnivores cookbook
https://omnivorescookbook.com/wp-content/uploads/2024/11/240912_King-Oyster-Mushroom-Stir-Fry_4.jpg,Omnivores cookbook
https://omnivorescookbook.com/wp-content/uploads/2024/10/241024_Tofu-With-Minced-Pork_1.jpg,Omnivores cookbook
https://omnivorescookbook.com/wp-content/uploads/2024/10/241022_Pork-And-Vegetable-Stew_1.jpg,Omnivores cookbook
https://omnivorescookbook.com/wp-content/uploads/2024/10/240917_Pork-And-Corn-Soup_1.jpg,Omnivores cookbook
https://omnivorescookbook.com/wp-content/uploads/2024/10/240926_Orange-Beef_3.jpg,Omnivores cookbook
https://omnivorescookbook.com/wp-content/uploads/2024/10/240827_Egg-And-Tofu-Stir-Fry_3.jpg,Omnivores cookbook
https://omnivorescookbook.com/wp-content/uploads/2020/01/2001_Baby-Bok-Choy-Stir-Fry_002.jpg,Omnivores cookbook
https://omnivorescookbook.com/wp-content/uploads/2024/09/240829_Satay-Noodles_3.jpg,Omnivores cookbook
https://omnivorescookbook.com/wp-content/uploads/2024/09/200327_Chili-Garlic-Shrimp_1.jpg,Omnivores cookbook
https://omnivorescookbook.com/wp-content/uploads/2024/09/240827_Chicken-Mushroom-Stir-Fry_3.jpg,Omnivores cookbook
https://omnivorescookbook.com/wp-content/uploads/2024/09/240328_Chinese-Peanut-Brittles_1.jpg,Omnivores cookbook
https://omnivorescookbook.com/wp-content/uploads/2024/09/240808_Laghman-Noodles-With-Lamb-Sauce_3.jpg,Omnivores cookbook
https://omnivorescookbook.com/wp-content/uploads/2024/08/240815_Green-Bean-And-Potato-Stew_1.jpg,Omnivores cookbook
https://omnivorescookbook.com/wp-content/uploads/2024/08/240815_Squid-and-Bok-Choy-Stir-Fry_2.jpg,Omnivores cookbook
https://omnivorescookbook.com/wp-content/uploads/2026/03/240802_Oyster-Omelet_3.jpg,Omnivores cookbook
https://omnivorescookbook.com/wp-content/uploads/2024/08/240718_Hunan-Beef_1.jpg,Omnivores cookbook
https://omnivorescookbook.com/wp-content/uploads/2024/08/240711_Avocado-Smoothie_4.jpg,Omnivores cookbook
https://omnivorescookbook.com/wp-content/uploads/2024/08/200702_Thai-Basil-Chicken_1.jpg,Omnivores cookbook
https://omnivorescookbook.com/wp-content/uploads/2024/07/240619_Black-Sesame-Ice-Cream_3.jpg,Omnivores cookbook
https://omnivorescookbook.com/wp-content/uploads/2024/07/240716_Beer-Duck_3.jpg,Omnivores cookbook
https://omnivorescookbook.com/wp-content/uploads/2024/07/240710_Steamed-Enoki-Mushrooms_1.jpg,Omnivores cookbook
https://omnivorescookbook.com/wp-content/uploads/2024/07/240621_Garlic-Beef_4.jpg,Omnivores cookbook
https://omnivorescookbook.com/wp-content/uploads/2020/05/200330_Pineapple-Chicken_1-1.jpg,Omnivores cookbook
https://omnivorescookbook.com/wp-content/uploads/2024/08/240621_Biang-Biang-Noodles_6_Large_Photo.jpg,Omnivores cookbook
https://omnivorescookbook.com/wp-content/uploads/2024/06/240530_Chinese-Chive-And-Egg_1.jpg,Omnivores cookbook
https://omnivorescookbook.com/wp-content/uploads/2020/07/200618_Salt-And-Pepper-Pork-Chop_1-1.jpg,Omnivores cookbook
https://omnivorescookbook.com/wp-content/uploads/2015/12/200212_Soy-Sauce-Fried-Rice_2.jpg,Omnivores cookbook
https://omnivorescookbook.com/wp-content/uploads/2024/06/240604_Air-Fryer-Wings-With-Sweet-Chili-Sauce_2.jpg,Omnivores cookbook
https://omnivorescookbook.com/wp-content/uploads/2024/06/240604_Air-Fryer-Wings-With-Sweet-Chili-Sauce_2.jpg,Omnivores cookbook
https://omnivorescookbook.com/wp-content/uploads/2024/05/240530_Chinese-Ground-Chicken-Bowl_4.jpg,Omnivores cookbook
https://omnivorescookbook.com/wp-content/uploads/2024/05/240531_Easy-Marinated-Eggs_4.jpg,Omnivores cookbook
https://omnivorescookbook.com/wp-content/uploads/2024/05/240521_Pork-Liver-Soup-with-Spinach_3.jpg,Omnivores cookbook
https://omnivorescookbook.com/wp-content/uploads/2024/05/240319_Sesame-Chicken_4.jpg,Omnivores cookbook
https://omnivorescookbook.com/wp-content/uploads/2024/05/240314_Choy-Sum-with-Garlic-Sauce_1.jpg,Omnivores cookbook
https://omnivorescookbook.com/wp-content/uploads/2024/05/240220_Beef-Chow-Mein_1.jpg,Omnivores cookbook
https://omnivorescookbook.com/wp-content/uploads/2024/05/240507_Braised-Chicken-Feet_4.jpg,Omnivores cookbook
https://omnivorescookbook.com/wp-content/uploads/2024/05/240412_Shrimp-And-Asparagus-Stir-Fry_1.jpg,Omnivores cookbook
https://omnivorescookbook.com/wp-content/uploads/2024/04/240412_Salt-And-Pepper-Fish_2.jpg,Omnivores cookbook
https://omnivorescookbook.com/wp-content/uploads/2024/04/240102_Ground-Turkey-and-Tofu_1.jpg,Omnivores cookbook
https://omnivorescookbook.com/wp-content/uploads/2024/04/240213_Beef-Fried-Rice_1.jpg,Omnivores cookbook
https://omnivorescookbook.com/wp-content/uploads/2026/06/240130_Sweet-And-Sour-Shrimp_9.jpg,Omnivores cookbook
https://omnivorescookbook.com/wp-content/uploads/2026/02/240220_Moo-Goo-Gai-Pan_1.jpg,Omnivores cookbook
https://omnivorescookbook.com/wp-content/uploads/2024/04/240402_Easy-Pork-Soup-with-Lily-Flower_3.jpg,Omnivores cookbook
https://omnivorescookbook.com/wp-content/uploads/2022/02/220201_Beef-with-Chinese-Broccoli_2-Update.jpg,Omnivores cookbook
https://omnivorescookbook.com/wp-content/uploads/2024/03/240312_Chinese-Braised-Lamb_2.jpg,Omnivores cookbook
https://omnivorescookbook.com/wp-content/uploads/2024/03/240319_Chinese-Zucchini-Pancakes_1.jpg,Omnivores cookbook
https://omnivorescookbook.com/wp-content/uploads/2021/10/210217_Sesame-Beef-Update_1.jpg,Omnivores cookbook
https://omnivorescookbook.com/wp-content/uploads/2024/03/240314_Yu-Choy-Stir-Fry_3.jpg,Omnivores cookbook
https://omnivorescookbook.com/wp-content/uploads/2024/03/240305_Smoked-Tofu-And-Celery-Stir-Fry_1.jpg,Omnivores cookbook
https://omnivorescookbook.com/wp-content/uploads/2026/05/240229_Chinese-Steamed-Chicken_1.jpg,Omnivores cookbook
https://omnivorescookbook.com/wp-content/uploads/2024/03/240215_Black-Sesame-Chocolate-Truffles_3.jpg,Omnivores cookbook
https://omnivorescookbook.com/wp-content/uploads/2024/02/240213_Spinach-Egg-Drop-Soup_1.jpg,Omnivores cookbook
https://omnivorescookbook.com/wp-content/uploads/2024/02/240125_Beef-and-Celery-Stir-Fry_2.jpg,Omnivores cookbook
https://omnivorescookbook.com/wp-content/uploads/2024/02/230927_Chong-Qing-Noodles_2.jpg,Omnivores cookbook
https://omnivorescookbook.com/wp-content/uploads/2024/02/240123_Watercress-Stir-Fry_3.jpg,Omnivores cookbook
https://omnivorescookbook.com/wp-content/uploads/2024/02/230913_Seafood-Tofu-Stew_2.jpg,Omnivores cookbook
https://omnivorescookbook.com/wp-content/uploads/2026/06/240125_Homemade-Egg-Noodles_13.jpg,Omnivores cookbook
https://omnivorescookbook.com/wp-content/uploads/2024/02/230814_Vegetable-Egg-Rolls_3.jpg,Omnivores cookbook
https://omnivorescookbook.com/wp-content/uploads/2020/06/200430_Beef-Pan-Fried-Noodles_1.jpg,Omnivores cookbook
https://omnivorescookbook.com/wp-content/uploads/2024/01/240123_Nian-Gao_5.jpg,Omnivores cookbook
https://omnivorescookbook.com/wp-content/uploads/2023/10/230802_Pork-And-Chive-Dumplings_3.jpg,Omnivores cookbook
https://omnivorescookbook.com/wp-content/uploads/2024/01/240108_Chinese-Beef-Stew_1.jpg,Omnivores cookbook
https://omnivorescookbook.com/wp-content/uploads/2024/01/231215_Chinese-Detox-Stir-Fry_3.jpg,Omnivores cookbook
https://omnivorescookbook.com/wp-content/uploads/2024/01/231212_Chinese-Walnut-Cookies_2.jpg,Omnivores cookbook
https://omnivorescookbook.com/wp-content/uploads/2024/01/231208_Lotus-Root-Soup-with-Pork-Ribs_1.jpg,Omnivores cookbook
https://omnivorescookbook.com/wp-content/uploads/2021/04/210203_Chinese-Curry-Chicken_3.jpg,Omnivores cookbook
https://omnivorescookbook.com/wp-content/uploads/2023/12/231215_Beef-and-Flat-Bean-Stir-Fry_1.jpg,Omnivores cookbook
https://omnivorescookbook.com/wp-content/uploads/2023/12/231213_Black-Sesame-Babka_1.jpg,Omnivores cookbook
https://omnivorescookbook.com/wp-content/uploads/2023/11/230830_Crab-Roe-Tofu_1.jpg,Omnivores cookbook
https://omnivorescookbook.com/wp-content/uploads/2023/11/230906_Yu-Xiang-Eggplant_4.jpg,Omnivores cookbook
https://omnivorescookbook.com/wp-content/uploads/2023/11/230809_Steamed-Egg-With-Minced-Pork_4.jpg,Omnivores cookbook
https://omnivorescookbook.com/wp-content/uploads/2023/11/200408_Chinese-Chicken-Fried-Rice_1.jpg,Omnivores cookbook
https://omnivorescookbook.com/wp-content/uploads/2021/06/210217_Mongolian-Meatballs_1.jpg,Omnivores cookbook
https://omnivorescookbook.com/wp-content/uploads/2023/11/230830_Mushroom-Fried-Rice_2-1.jpg,Omnivores cookbook
https://omnivorescookbook.com/wp-content/uploads/2023/11/140520_General-Tsos-Chicken_1.jpg,Omnivores cookbook
https://omnivorescookbook.com/wp-content/uploads/2023/11/230911_Broccoli-And-Mushroom-Stir-Fry_1-1.jpg,Omnivores cookbook
https://omnivorescookbook.com/wp-content/uploads/2023/10/230927_Dry-Fried-Green-Beans_2.jpg,Omnivores cookbook
https://omnivorescookbook.com/wp-content/uploads/2023/10/230726_Lions-Head-Meatballs_3.jpg,Omnivores cookbook
https://omnivorescookbook.com/wp-content/uploads/2023/10/230818_Kung-Pao-Shrimp_3.jpg,Omnivores cookbook
https://omnivorescookbook.com/wp-content/uploads/2023/10/230705_Fish-Congee_2.jpg,Omnivores cookbook
https://omnivorescookbook.com/wp-content/uploads/2023/10/230724_Shredded-Potato-Stir-Fry_1.jpg,Omnivores cookbook
https://omnivorescookbook.com/wp-content/uploads/2023/10/230814_Chicken-Egg-Rolls_3.jpg,Omnivores cookbook
https://omnivorescookbook.com/wp-content/uploads/2023/10/230726_Sacha-Chicken_1.jpg,Omnivores cookbook
https://omnivorescookbook.com/wp-content/uploads/2023/09/230828_Sichuan-Spicy-Wonton-In-Red-Oil_3.jpg,Omnivores cookbook
https://omnivorescookbook.com/wp-content/uploads/2023/09/230719_Chinese-Tomato-Beef-Soup_3.jpg,Omnivores cookbook
https://omnivorescookbook.com/wp-content/uploads/2023/09/230809_Coconut-Mochi-With-Red-Bean-Paste_1.jpg,Omnivores cookbook
https://omnivorescookbook.com/wp-content/uploads/2023/09/230807_Chicken-Mei-Fun_1.jpg,Omnivores cookbook
https://omnivorescookbook.com/wp-content/uploads/2023/09/230718_Braised-Pork-Trotters_2.jpg,Omnivores cookbook
https://omnivorescookbook.com/wp-content/uploads/2023/09/230621_Chinese-Sauteed-Potato_2.jpg,Omnivores cookbook
https://omnivorescookbook.com/wp-content/uploads/2023/09/230824_Snow-Skin-Mooncake_3.jpg,Omnivores cookbook
https://omnivorescookbook.com/wp-content/uploads/2023/09/230801_Pork-Liver-Stir-Fry_3.jpg,Omnivores cookbook
https://omnivorescookbook.com/wp-content/uploads/2023/08/230821_Chinese-Style-Avocado-Toast_4.jpg,Omnivores cookbook
https://omnivorescookbook.com/wp-content/uploads/2023/08/230724_Vegeterian-Chow-Mein_2.jpg,Omnivores cookbook
https://omnivorescookbook.com/wp-content/uploads/2023/08/230809_Chinese-Zucchini-Stir-Fry_1.jpg,Omnivores cookbook
https://omnivorescookbook.com/wp-content/uploads/2023/08/230807_Bubble-Tea_1.jpg,Omnivores cookbook
https://omnivorescookbook.com/wp-content/uploads/2026/06/230712_Bitter-Melon-With-Eggs_9.jpg,Omnivores cookbook
https://omnivorescookbook.com/wp-content/uploads/2023/08/230801_Crispy-Salmon-with-Ginger-Soy-Sauce_4.jpg,Omnivores cookbook
https://omnivorescookbook.com/wp-content/uploads/2023/08/230719_Black-Rice-Pudding_1.jpg,Omnivores cookbook
https://omnivorescookbook.com/wp-content/uploads/2023/08/230515_Chicken-Egg-Foo-Young_5.jpg,Omnivores cookbook
https://omnivorescookbook.com/wp-content/uploads/2023/08/230705_Pan-Fried-Tofu_1.jpg,Omnivores cookbook
https://omnivorescookbook.com/wp-content/uploads/2023/08/230730_Matcha-Boba-Tea_4.jpg,Omnivores cookbook
https://omnivorescookbook.com/wp-content/uploads/2023/07/230712_Chinese-Asparagus-Salad_2.jpg,Omnivores cookbook
https://omnivorescookbook.com/wp-content/uploads/2023/07/230710_Beef-with-Oyster-Sauce_1.jpg,Omnivores cookbook
https://omnivorescookbook.com/wp-content/uploads/2023/07/230712_Green-Bean-Noodles_1.jpg,Omnivores cookbook
https://omnivorescookbook.com/wp-content/uploads/2023/07/230626_Spicy-Eggplant-Salad_2.jpg,Omnivores cookbook
https://omnivorescookbook.com/wp-content/uploads/2023/07/230710_Chicken-With-Black-Bean-Sauce_1.jpg,Omnivores cookbook
https://omnivorescookbook.com/wp-content/uploads/2023/07/230626_Summer-Vegetable-Bibimbap_4.jpg,Omnivores cookbook
https://omnivorescookbook.com/wp-content/uploads/2023/07/230619_Ginger-String-Beans_3.jpg,Omnivores cookbook
https://omnivorescookbook.com/wp-content/uploads/2023/06/230616_Vegetable-Pan-Fried-Noodles_2.jpg,Omnivores cookbook
https://omnivorescookbook.com/wp-content/uploads/2023/06/230619_Mango-Sticky-Rice_1.jpg,Omnivores cookbook
https://omnivorescookbook.com/wp-content/uploads/2023/06/230517_Orange-Chicken_3.jpg,Omnivores cookbook
https://omnivorescookbook.com/wp-content/uploads/2023/05/230505_Chinese-Spinach-Salad-With-Peanuts_1.jpg,Omnivores cookbook
https://omnivorescookbook.com/wp-content/uploads/2026/05/230502_Chicken-Lo-Mein_1.jpg,Omnivores cookbook
https://omnivorescookbook.com/wp-content/uploads/2023/05/230505_Air-Fryer-Garlic-Eggplant_1.jpg,Omnivores cookbook
https://omnivorescookbook.com/wp-content/uploads/2023/05/230502_Instant-Pot-Curry-Beef-Stew_2.jpg,Omnivores cookbook
https://omnivorescookbook.com/wp-content/uploads/2023/05/230413_Chinese-Chicken-Dumplings_2.jpg,Omnivores cookbook
https://omnivorescookbook.com/wp-content/uploads/2023/04/230407_Air-Fryer-Garlic-Green-Beans_1.jpg,Omnivores cookbook
https://omnivorescookbook.com/wp-content/uploads/2023/04/230217_Beef-And-Snow-Pea_3.jpg,Omnivores cookbook
https://omnivorescookbook.com/wp-content/uploads/2023/02/230209_Chinese-Peanut-Butter-Chicken_2.jpg,Omnivores cookbook
https://omnivorescookbook.com/wp-content/uploads/2023/02/230202_Coca-Cola-Chicken-Wings_1.jpg,Omnivores cookbook
https://omnivorescookbook.com/wp-content/uploads/2023/02/230201_Pork-Chop-Suey_1.jpg,Omnivores cookbook
https://omnivorescookbook.com/wp-content/uploads/2023/01/211104_Orange-Cauliflower_2.jpg,Omnivores cookbook
https://omnivorescookbook.com/wp-content/uploads/2023/01/230112_Mongolian-Beef_3.jpg,Omnivores cookbook
https://omnivorescookbook.com/wp-content/uploads/2023/01/230106_Egg-and-Pepper-Dumplings_5.jpg,Omnivores cookbook
https://omnivorescookbook.com/wp-content/uploads/2023/01/221220_Chinese-Jujube-Tea_1.jpg,Omnivores cookbook
https://omnivorescookbook.com/wp-content/uploads/2022/12/221220_Napa-Cabbage-Tofu-Soup_1.jpg,Omnivores cookbook
https://omnivorescookbook.com/wp-content/uploads/2022/12/221118_Instant-Pot-Sausage-Rice_1.jpg,Omnivores cookbook
https://omnivorescookbook.com/wp-content/uploads/2022/12/221116_Rice-Cake-Stir-Fry-with-Chicken_1.jpg,Omnivores cookbook
https://omnivorescookbook.com/wp-content/uploads/2022/11/221116_Chicken-Congee_2.jpg,Omnivores cookbook
https://omnivorescookbook.com/wp-content/uploads/2022/11/221104_Fried-Wonton_5.jpg,Omnivores cookbook
https://omnivorescookbook.com/wp-content/uploads/2022/11/221109_Jing-Jiang-Rou-Si_1.jpg,Omnivores cookbook
https://omnivorescookbook.com/wp-content/uploads/2022/11/221027_Japanese-Egg-Sandwich_4.jpg,Omnivores cookbook
https://omnivorescookbook.com/wp-content/uploads/2026/02/221027_Chinese-Corn-Soup_4.jpg,Omnivores cookbook
https://omnivorescookbook.com/wp-content/uploads/2022/10/221013_Chinese-Okra-Salad_1.jpg,Omnivores cookbook
https://omnivorescookbook.com/wp-content/uploads/2022/10/220915_Spam-Musubi_4.jpg,Omnivores cookbook
https://omnivorescookbook.com/wp-content/uploads/2022/10/220810_Tomato-Egg-Stir-Fry_1.jpg,Omnivores cookbook
https://omnivorescookbook.com/wp-content/uploads/2022/10/220921_Air-Fryer-Lamb-Skewers_1.jpg,Omnivores cookbook
https://omnivorescookbook.com/wp-content/uploads/2022/09/220908_Wonton-Char-Siu-Noodle-Soup_4.jpg,Omnivores cookbook
https://omnivorescookbook.com/wp-content/uploads/2022/09/220907_Chinese-Pumpkin-Cake_3.jpg,Omnivores cookbook
https://omnivorescookbook.com/wp-content/uploads/2022/09/211019_Vegan-Egg-Drop-Soup_2.jpg,Omnivores cookbook
https://omnivorescookbook.com/wp-content/uploads/2022/09/220908_Air-Fryer-Char-Siu-Pork_6.jpg,Omnivores cookbook
https://omnivorescookbook.com/wp-content/uploads/2022/09/220822_Century-Egg-Congee-With-Chicken_2.jpg,Omnivores cookbook
https://omnivorescookbook.com/wp-content/uploads/2022/09/220901_Bok-Choy-And-Mushroom-Stir-Fry_1.jpg,Omnivores cookbook
https://omnivorescookbook.com/wp-content/uploads/2022/09/220804_Chicken-Sweet-Potato-Curry_1.jpg,Omnivores cookbook
https://omnivorescookbook.com/wp-content/uploads/2022/08/220822_Air-Fryer-Chinese-Chicken-Wings_3.jpg,Omnivores cookbook
https://omnivorescookbook.com/wp-content/uploads/2022/08/220615_Shredded-Beef-With-Pepper_1.jpg,Omnivores cookbook
https://omnivorescookbook.com/wp-content/uploads/2022/08/220810_Chinese-Chicken-Noodle-Salad_2.jpg,Omnivores cookbook
https://omnivorescookbook.com/wp-content/uploads/2022/08/220728_Air-Fryer-Sweet-And-Sour-Chicken_3.jpg,Omnivores cookbook
https://omnivorescookbook.com/wp-content/uploads/2022/08/220728_Tofu-And-Celery-Salad_1.jpg,Omnivores cookbook
https://omnivorescookbook.com/wp-content/uploads/2022/07/220720_Scallion-Beef-Stir-Fry_1.jpg,Omnivores cookbook
https://omnivorescookbook.com/wp-content/uploads/2022/07/220713_Cantonese-Lettuce-with-Oyster-Sauce_2.jpg,Omnivores cookbook
https://omnivorescookbook.com/wp-content/uploads/2022/07/220720_Air-Fryer-Garlic-Ribs_3.jpg,Omnivores cookbook
https://omnivorescookbook.com/wp-content/uploads/2022/07/220713_Buddhas-Delight_1.jpg,Omnivores cookbook
https://omnivorescookbook.com/wp-content/uploads/2022/07/220601_Bean-Sprout-Salad_2.jpg,Omnivores cookbook
https://omnivorescookbook.com/wp-content/uploads/2022/06/220620_Garlic-Scape-Stir-Fry-With-Pork_4.jpg,Omnivores cookbook
https://omnivorescookbook.com/wp-content/uploads/2022/06/211005_Chicken-Pad-Thai_1.jpg,Omnivores cookbook
https://omnivorescookbook.com/wp-content/uploads/2022/06/220620_Stir-Fried-Garlic-Scape-With-Eggs_2.jpg,Omnivores cookbook
https://omnivorescookbook.com/wp-content/uploads/2022/06/220615_Cumin-Lamb-Stir-Fry_1.jpg,Omnivores cookbook
https://omnivorescookbook.com/wp-content/uploads/2022/06/220616_Air-Fryer-Salt-And-Pepper-Chicken_1.jpg,Omnivores cookbook
https://omnivorescookbook.com/wp-content/uploads/2022/06/220608_Zha-Jiang-Mian_1.jpg,Omnivores cookbook
https://omnivorescookbook.com/wp-content/uploads/2022/06/220519_Ma-Yi-Shang-Shu_2.jpg,Omnivores cookbook
https://omnivorescookbook.com/wp-content/uploads/2022/06/220530_Black-Pepper-Chicken_2.jpg,Omnivores cookbook
https://omnivorescookbook.com/wp-content/uploads/2022/06/220601_Alkaline-Dumplings-Jianshui-Zongzi_3.jpg,Omnivores cookbook
https://omnivorescookbook.com/wp-content/uploads/2022/05/220518_Dry-Pot-Cauliflower_2.jpg,Omnivores cookbook
https://omnivorescookbook.com/wp-content/uploads/2022/05/220510_Mapo-Tofu_3-1.jpg,Omnivores cookbook
https://omnivorescookbook.com/wp-content/uploads/2022/05/220504_Golden-Fried-Rice_1.jpg,Omnivores cookbook
https://omnivorescookbook.com/wp-content/uploads/2022/05/220504_Chinese-Garlic-Green-Beans_1-1.jpg,Omnivores cookbook
https://omnivorescookbook.com/wp-content/uploads/2022/05/220503_Beef-And-Broccoli_2.jpg,Omnivores cookbook
https://omnivorescookbook.com/wp-content/uploads/2022/05/220419_-Kimchi-Udon-Stir-Fry-With-Bacon_4.jpg,Omnivores cookbook
https://omnivorescookbook.com/wp-content/uploads/2022/05/220420_Pork-Lettuce-Wrap_1.jpg,Omnivores cookbook
https://omnivorescookbook.com/wp-content/uploads/2022/04/211201_Vegan-Dan-Dan-Noodles_1.jpg,Omnivores cookbook
https://omnivorescookbook.com/wp-content/uploads/2022/04/220407_Chinese-Beef-Meat-Pies_3.jpg,Omnivores cookbook
https://omnivorescookbook.com/wp-content/uploads/2022/04/220331_Sheet-Pan-Vegetable-Fried-Noodles_1-update.jpg,Omnivores cookbook
https://omnivorescookbook.com/wp-content/uploads/2022/04/220322_Lotus-Root-Stir-Fry_3.jpg,Omnivores cookbook
https://omnivorescookbook.com/wp-content/uploads/2022/04/220331_Spicy-Squid-Stir-Fry_4.jpg,Omnivores cookbook
https://omnivorescookbook.com/wp-content/uploads/2022/04/220330_Fried-Carrot-Fritters_1.jpg,Omnivores cookbook
https://omnivorescookbook.com/wp-content/uploads/2022/04/220322_Egg-and-Kimchi-Quesadilla_5.jpg,Omnivores cookbook
https://omnivorescookbook.com/wp-content/uploads/2022/04/220310_Da-La-Pi_2.jpg,Omnivores cookbook
https://omnivorescookbook.com/wp-content/uploads/2022/03/211230_Shredded-Pork-with-Garlic-Sauce_1.jpg,Omnivores cookbook
https://omnivorescookbook.com/wp-content/uploads/2022/03/220301_Steamed-Tofu_1.jpg,Omnivores cookbook
https://omnivorescookbook.com/wp-content/uploads/2022/03/220317_Mala-Chicken_2.jpg,Omnivores cookbook
https://omnivorescookbook.com/wp-content/uploads/2022/03/220315_Black-Sesame-Sweet-Rice-Balls_2.jpg,Omnivores cookbook
https://omnivorescookbook.com/wp-content/uploads/2022/03/220308_Chinese-Breakfast-Pancake_4.jpg,Omnivores cookbook
https://omnivorescookbook.com/wp-content/uploads/2022/03/220308_Suan-La-Fen_1-scaled.jpg,Omnivores cookbook
https://omnivorescookbook.com/wp-content/uploads/2022/03/220301_Sweet-And-Sour-Tofu_4.jpg,Omnivores cookbook
https://omnivorescookbook.com/wp-content/uploads/2022/03/220224_Pork-And-Sauerkraut-Dumplings_1.jpg,Omnivores cookbook
https://omnivorescookbook.com/wp-content/uploads/2022/03/220224_Soy-Sauce-Pan-Fried-Noodles_2.jpg,Omnivores cookbook
https://omnivorescookbook.com/wp-content/uploads/2022/03/220222_Beijing-Style-Vegetarian-Moo-Shu_6.jpg,Omnivores cookbook
https://omnivorescookbook.com/wp-content/uploads/2022/02/220118_Chinese-Celery-And-Peanut-Salad_3.jpg,Omnivores cookbook
https://omnivorescookbook.com/wp-content/uploads/2022/02/220203_Chinese-Chicken-Liver-Stir-Fry_1.jpg,Omnivores cookbook
https://omnivorescookbook.com/wp-content/uploads/2022/02/211213_Stir-Fried-Bok-Choy-With-Tofu-Puffs_1.jpg,Omnivores cookbook
https://omnivorescookbook.com/wp-content/uploads/2022/01/220120_Mala-Dry-Pot-Mala-Xiang-Guo_3.jpg,Omnivores cookbook
https://omnivorescookbook.com/wp-content/uploads/2022/01/211230_Easy-Salt-Baked-Chicken_1.jpg,Omnivores cookbook
https://omnivorescookbook.com/wp-content/uploads/2022/01/211213_Chinese-Broccoli-With-Oyster-Sauce_1.jpg,Omnivores cookbook
https://omnivorescookbook.com/wp-content/uploads/2022/01/220107_Chinese-Fried-Stuffed-Eggplant_1.jpg,Omnivores cookbook
https://omnivorescookbook.com/wp-content/uploads/2022/01/211222_Easy-Mushroom-Ramen_1.jpg,Omnivores cookbook
https://omnivorescookbook.com/wp-content/uploads/2022/01/211221_Chinese-Beef-Salad_2.jpg,Omnivores cookbook
https://omnivorescookbook.com/wp-content/uploads/2022/01/211221_Beef-Shank-Noodle-Soup_1.jpg,Omnivores cookbook
https://omnivorescookbook.com/wp-content/uploads/2022/01/211221_Chinese-Braised-Beef-Shank_1.jpg,Omnivores cookbook
https://omnivorescookbook.com/wp-content/uploads/2021/12/211214_An-Easy-Chinese-Greens-Recipe_1.jpg,Omnivores cookbook
https://omnivorescookbook.com/wp-content/uploads/2021/12/211005_Vegetable-Chow-Fun_4.jpg,Omnivores cookbook
https://omnivorescookbook.com/wp-content/uploads/2021/11/211019_Spiced-Candied-Walnut_1.jpg,Omnivores cookbook
https://omnivorescookbook.com/wp-content/uploads/2021/11/211109_Instant-Pot-Breakfast-Congee_3.jpg,Omnivores cookbook
https://omnivorescookbook.com/wp-content/uploads/2021/11/211109_Roasted-Brussels-Sprouts-with-Plum-Sauce_3.jpg,Omnivores cookbook
https://omnivorescookbook.com/wp-content/uploads/2021/10/211005_Shrimp-Pad-Thai_2.jpg,Omnivores cookbook
https://omnivorescookbook.com/wp-content/uploads/2021/09/210712_Chinese-Vegetable-Soup-with-Tofu_1.jpg,Omnivores cookbook
https://omnivorescookbook.com/wp-content/uploads/2021/09/210818_Honey-Soy-Glazed-Chicken_1.jpg,Omnivores cookbook
https://omnivorescookbook.com/wp-content/uploads/2021/09/210714_Vegetarian-Kimbap_1.jpg,Omnivores cookbook
https://omnivorescookbook.com/wp-content/uploads/2021/08/210217_Baked-Sichuan-Chicken-Wings_3.jpg,Omnivores cookbook
https://omnivorescookbook.com/wp-content/uploads/2021/08/210715_Japanese-Strawberry-Cake_1.jpg,Omnivores cookbook
https://omnivorescookbook.com/wp-content/uploads/2021/08/210728_Sesame-Noodles_2.jpg,Omnivores cookbook
https://omnivorescookbook.com/wp-content/uploads/2021/08/210713_Galbi-Style-Marinated-Steak_1.jpg,Omnivores cookbook
https://omnivorescookbook.com/wp-content/uploads/2021/08/210728_Vegetarian-Mapo-Tofu_2-1.jpg,Omnivores cookbook
https://omnivorescookbook.com/wp-content/uploads/2021/07/210714_Steamed-Pork-Buns-with-Chive_5.jpg,Omnivores cookbook
https://omnivorescookbook.com/wp-content/uploads/2021/07/210217_Chinese-Chrysanthemum-Salad_2.jpg,Omnivores cookbook
https://omnivorescookbook.com/wp-content/uploads/2021/07/210712_Kimchi-Omurice_1.jpg,Omnivores cookbook
https://omnivorescookbook.com/wp-content/uploads/2021/07/201218_Chinese-Dry-Rub-Ribs_1.jpg,Omnivores cookbook
https://omnivorescookbook.com/wp-content/uploads/2021/06/210204_Pork-And-Garlic-Chive-Stir-Fry_1.jpg,Omnivores cookbook
https://omnivorescookbook.com/wp-content/uploads/2021/06/210217_Sister-Songs-Soup-Chinese-Fish-Soup_1.jpg,Omnivores cookbook
https://omnivorescookbook.com/wp-content/uploads/2021/05/210221_Chinese-Sauteed-Cabbage-with-Vinegar-Sauce_1.jpg,Omnivores cookbook
https://omnivorescookbook.com/wp-content/uploads/2021/05/210217_Tiger-Salad_2.jpg,Omnivores cookbook
https://omnivorescookbook.com/wp-content/uploads/2021/04/210221_Vegan-Wonton-Soup_4.jpg,Omnivores cookbook
https://omnivorescookbook.com/wp-content/uploads/2021/04/210204_Sichuan-Shrimp-Stir-Fry_1-1.jpg,Omnivores cookbook
https://omnivorescookbook.com/wp-content/uploads/2021/04/210203_Tortang-Talong_1.jpg,Omnivores cookbook
https://omnivorescookbook.com/wp-content/uploads/2021/03/210203_Chicken-Noodle-Soup_2.jpg,Omnivores cookbook
https://omnivorescookbook.com/wp-content/uploads/2021/03/210204_Thai-Crab-Fried-Rice_1.jpg,Omnivores cookbook
https://omnivorescookbook.com/wp-content/uploads/2021/03/210218_Braised-Chestnut-Chicken_3.jpg,Omnivores cookbook
https://omnivorescookbook.com/wp-content/uploads/2021/03/210204_Green-Pea-Stir-Fry-with-Spam_2.jpg,Omnivores cookbook
https://omnivorescookbook.com/wp-content/uploads/2021/03/210107_Seafood-Chow-Mein_4.jpg,Omnivores cookbook
https://omnivorescookbook.com/wp-content/uploads/2021/02/210108_Soup-Dumplings_1.jpg,Omnivores cookbook
https://omnivorescookbook.com/wp-content/uploads/2021/02/210203_Chinese-Scrambled-Egg-with-Shrimp_1.jpg,Omnivores cookbook
https://omnivorescookbook.com/wp-content/uploads/2021/02/201113_Mung-Bean-Curd_2.jpg,Omnivores cookbook
https://omnivorescookbook.com/wp-content/uploads/2021/02/201111_Crispy-Fried-Pumpkin-with-Salted-Egg-Yolk_3.jpg,Omnivores cookbook
https://omnivorescookbook.com/wp-content/uploads/2021/02/201123_Shui-Zhu-Yu-Water-Boiled-Fish_2.jpg,Omnivores cookbook
https://omnivorescookbook.com/wp-content/uploads/2021/01/210107_Beef-with-Bitter-Melon_1.jpg,Omnivores cookbook
https://omnivorescookbook.com/wp-content/uploads/2021/01/201211_Chinese-Fish-En-Papillote_2.jpg,Omnivores cookbook
https://omnivorescookbook.com/wp-content/uploads/2021/01/201111_Sheng-Jian-Bao_4.jpg,Omnivores cookbook
https://omnivorescookbook.com/wp-content/uploads/2021/01/201222_Dou-Fu-Nao-Northern-Chinese-Savory-Douhua_2.jpg,Omnivores cookbook
https://omnivorescookbook.com/wp-content/uploads/2021/01/201211_Winter-Melon-Stir-Fry_2.jpg,Omnivores cookbook
https://omnivorescookbook.com/wp-content/uploads/2020/12/201029_XO-Fried-Noodles_2.jpg,Omnivores cookbook
https://omnivorescookbook.com/wp-content/uploads/2020/12/201113_Lumpia_1.jpg,Omnivores cookbook
https://omnivorescookbook.com/wp-content/uploads/2020/11/201113_Chinese-BBQ-Ribs_1-1.jpg,Omnivores cookbook
https://omnivorescookbook.com/wp-content/uploads/2020/11/201016_Vegetarian-Duck_1.jpg,Omnivores cookbook
https://omnivorescookbook.com/wp-content/uploads/2020/11/201015_201015-The-Eesiest-Sticky-Wings-with-Hot-Sauce_1.jpg,Omnivores cookbook
https://omnivorescookbook.com/wp-content/uploads/2020/11/201016_Chinese-Deviled-Eggs_3.jpg,Omnivores cookbook
https://omnivorescookbook.com/wp-content/uploads/2020/10/201015_Vegetable-Udon-Stir-Fry_1.jpg,Omnivores cookbook
https://omnivorescookbook.com/wp-content/uploads/2020/10/201016_How-To-Make-Congee_6.jpg,Omnivores cookbook
https://omnivorescookbook.com/wp-content/uploads/2020/10/200820_Gua-Bao_6.jpg,Omnivores cookbook
https://omnivorescookbook.com/wp-content/uploads/2020/10/200820_Gua-Bao-Buns_2.jpg,Omnivores cookbook
https://omnivorescookbook.com/wp-content/uploads/2020/10/200918_Home-Style-Tofu_1.jpg,Omnivores cookbook
https://omnivorescookbook.com/wp-content/uploads/2020/10/200917_XO-Fried-Rice-With-Char-Siu_3.jpg,Omnivores cookbook
https://omnivorescookbook.com/wp-content/uploads/2020/09/200903_Lu-Rou-Fan_3.jpg,Omnivores cookbook
https://omnivorescookbook.com/wp-content/uploads/2020/09/200820_Quick-Pickled-Shallots_1.jpg,Omnivores cookbook
https://omnivorescookbook.com/wp-content/uploads/2020/08/200730_Scallion-Pancakes_3.jpg,Omnivores cookbook
https://omnivorescookbook.com/wp-content/uploads/2020/08/200730_Mapo-Eggplant_3.jpg,Omnivores cookbook
https://omnivorescookbook.com/wp-content/uploads/2020/08/200731_Chinese-Pickled-Pepper_5.jpg,Omnivores cookbook
https://omnivorescookbook.com/wp-content/uploads/2020/07/200618_Vegan-Mango-Pudding_3.jpg,Omnivores cookbook
https://omnivorescookbook.com/wp-content/uploads/2020/07/200702_Cumin-Lamb-Noodles_4.jpg,Omnivores cookbook
https://omnivorescookbook.com/wp-content/uploads/2020/07/200618_Chinese-Bok-Choy-Soup_1.jpg,Omnivores cookbook
https://omnivorescookbook.com/wp-content/uploads/2020/06/200509_Sweet-And-Sour-Salmon-with-Bok-Choy_1.jpg,Omnivores cookbook
https://omnivorescookbook.com/wp-content/uploads/2020/06/200605_Pork-Zong-Zi_4.jpg,Omnivores cookbook
https://omnivorescookbook.com/wp-content/uploads/2020/06/Quick-Easy-Asian-Dishes-Cover.jpg,Omnivores cookbook
https://omnivorescookbook.com/wp-content/uploads/2020/06/200506_Thai-Style-Salmon-Curry_4.jpg,Omnivores cookbook
https://omnivorescookbook.com/wp-content/uploads/2020/06/200517_Chinese-Fried-Pork-Chops_1.jpg,Omnivores cookbook
https://omnivorescookbook.com/wp-content/uploads/2020/05/200515_Chinese-Pickled-Cucumber_2.jpg,Omnivores cookbook
https://omnivorescookbook.com/wp-content/uploads/2020/03/2002_Yaka-Mein_002.jpg,Omnivores cookbook
https://omnivorescookbook.com/wp-content/uploads/2020/05/200424_Shrimp-And-Snow-Peas_3.jpg,Omnivores cookbook
https://omnivorescookbook.com/wp-content/uploads/2020/05/200424_Fire-Roasted-Eggplant-with-Garlic-Vinegar-Sauce_3.jpg,Omnivores cookbook
https://omnivorescookbook.com/wp-content/uploads/2020/05/200426_Celtuce-Leaves-Salad_3.jpg,Omnivores cookbook
https://omnivorescookbook.com/wp-content/uploads/2020/05/200424_Celtuce-Stir-Fry-with-Eggs_1.jpg,Omnivores cookbook
https://omnivorescookbook.com/wp-content/uploads/2020/04/200408_Black-Sesame-Soup_3.jpg,Omnivores cookbook
https://omnivorescookbook.com/wp-content/uploads/2020/04/200330_10-Minute-Spam-Ramen_1.jpg,Omnivores cookbook
https://omnivorescookbook.com/wp-content/uploads/2020/04/200331_Soy-Sauce-Eggs_4.jpg,Omnivores cookbook
https://omnivorescookbook.com/wp-content/uploads/2020/04/The-Best-Dim-Sum-Recipes-Cover.jpg,Omnivores cookbook
https://omnivorescookbook.com/wp-content/uploads/2020/04/200320_Instant-Pot-Pork-Chops-With-Black-Bean-Sauce_5.jpg,Omnivores cookbook
https://omnivorescookbook.com/wp-content/uploads/2020/04/200322_Curry-Noodle-Soup-With-Popcorn-Chicken_2.jpg,Omnivores cookbook
https://omnivorescookbook.com/wp-content/uploads/2020/04/200309_Bean-Sprout-Stir-Fry_1.jpg,Omnivores cookbook
https://omnivorescookbook.com/wp-content/uploads/2020/03/15-Chinese-Freezer-Meals-Cover.jpg,Omnivores cookbook
https://omnivorescookbook.com/wp-content/uploads/2020/03/1912_Leftover-Ham-Banh-Mi_003.jpg,Omnivores cookbook
https://omnivorescookbook.com/wp-content/uploads/2020/03/200302_Napa-Cabbage-Stir-Fry-With-Vinegar-Sauce_1.jpg,Omnivores cookbook
https://omnivorescookbook.com/wp-content/uploads/2020/03/200302_Baked-Chinese-Hot-Wings_1.jpg,Omnivores cookbook
https://omnivorescookbook.com/wp-content/uploads/2020/03/2002_Chinese-Napa-Cabbage-with-Glass-Noodles_001.jpg,Omnivores cookbook
https://omnivorescookbook.com/wp-content/uploads/2020/03/2002_Instant-Pot-Lentil-Soup_001.jpg,Omnivores cookbook
https://omnivorescookbook.com/wp-content/uploads/2020/02/2002_Instant-Pot-Meatballs_005.jpg,Omnivores cookbook
https://omnivorescookbook.com/wp-content/uploads/2020/02/2001_You-TIao-Chinese-Donut_001.jpg,Omnivores cookbook
https://omnivorescookbook.com/wp-content/uploads/2020/02/2001_15-Minute-Korean-Noodle-Soup_001.jpg,Omnivores cookbook
https://omnivorescookbook.com/wp-content/uploads/2020/02/2002_Instant-Pot-Braised-Beef_001.jpg,Omnivores cookbook
https://omnivorescookbook.com/wp-content/uploads/2020/02/2001_Moo-Shu-Chicken_001.jpg,Omnivores cookbook
https://omnivorescookbook.com/wp-content/uploads/2020/02/2001_Hong-Shao-Rou_001.jpg,Omnivores cookbook
https://omnivorescookbook.com/wp-content/uploads/2020/01/2001_Eight-Treasure-Rice_001.jpg,Omnivores cookbook
None,Omnivores cookbook
None,Omnivores cookbook
None,Omnivores cookbook
https://omnivorescookbook.com/wp-content/uploads/2019/12/1912_Leftover-Ham-Fried-Rice_003.jpg,Omnivores cookbook
https://omnivorescookbook.com/wp-content/uploads/2019/12/1912_Chinese-Chili-Sichuan-Style_001.jpg,Omnivores cookbook
None,Omnivores cookbook
https://omnivorescookbook.com/wp-content/uploads/2019/12/1912_Pineapple-Glazed-Ham_002.jpg,Omnivores cookbook
https://omnivorescookbook.com/wp-content/uploads/2019/12/1912_Sichuan-Roasted-Whole-Chicken_001.jpg,Omnivores cookbook
https://omnivorescookbook.com/wp-content/uploads/2019/11/1911_5-Ingredient-Savory-Oatmeal_001.jpg,Omnivores cookbook
None,Omnivores cookbook
https://omnivorescookbook.com/wp-content/uploads/2019/11/1911_Crispy-Marinated-Tofu_001.jpg,Omnivores cookbook
https://omnivorescookbook.com/wp-content/uploads/2019/11/1911_Japchae-Korean-Sweet-Potato-Noodles_003.jpg,Omnivores cookbook
https://omnivorescookbook.com/wp-content/uploads/2019/11/1910_Roasted-Kabocha-Squash-Soup_003.jpg,Omnivores cookbook
https://omnivorescookbook.com/wp-content/uploads/2019/11/1910_Sticky-Rice-Stuffing_002.jpg,Omnivores cookbook
None,Omnivores cookbook
https://omnivorescookbook.com/wp-content/uploads/2019/10/1910_Chicken-And-Broccoli-Stir-Fry_001.jpg,Omnivores cookbook
None,Omnivores cookbook
None,Omnivores cookbook
https://omnivorescookbook.com/wp-content/uploads/2019/10/1910_Char-Siu-Chinese-BBQ-Pork_005.jpg,Omnivores cookbook
https://omnivorescookbook.com/wp-content/uploads/2019/10/1910_Chinese-Bang-Bang-Chicken_001.jpg,Omnivores cookbook
None,Omnivores cookbook
None,Omnivores cookbook
None,Omnivores cookbook
https://omnivorescookbook.com/wp-content/uploads/2019/09/1908_Sweet-And-Sour-Pork_001.jpg,Omnivores cookbook
https://omnivorescookbook.com/wp-content/uploads/2019/09/1406_Cantonese-Ground-Beef-And-Eggs_003.jpg,Omnivores cookbook
None,Omnivores cookbook
https://omnivorescookbook.com/wp-content/uploads/2014/03/1908_Chinese-Cucumber-Salad_002.jpg,Omnivores cookbook
https://omnivorescookbook.com/wp-content/uploads/2019/08/1406_Easy-Salmon-Noodle-Bowl_003.jpg,Omnivores cookbook
https://omnivorescookbook.com/wp-content/uploads/2019/08/1405_Easy-Chicken-Udon-Soup_003.jpg,Omnivores cookbook
None,Omnivores cookbook
None,Omnivores cookbook
https://omnivorescookbook.com/wp-content/uploads/2019/07/1404_Chinese-Cauliflower-Stir-Fry_003.jpg,Omnivores cookbook
None,Omnivores cookbook
None,Omnivores cookbook
None,Omnivores cookbook
None,Omnivores cookbook
None,Omnivores cookbook
None,Omnivores cookbook
None,Omnivores cookbook
https://omnivorescookbook.com/wp-content/uploads/2019/04/1401_Stir-Fried-Pea-Shoots_001.jpg,Omnivores cookbook
None,Omnivores cookbook
https://omnivorescookbook.com/wp-content/uploads/2019/03/1401_Instant-Pot-Oxtail-Soup_001.jpg,Omnivores cookbook
None,Omnivores cookbook
None,Omnivores cookbook
https://omnivorescookbook.com/wp-content/uploads/2019/02/1901_Eight-Treasure-Congee_002.jpg,Omnivores cookbook
None,Omnivores cookbook
None,Omnivores cookbook
https://omnivorescookbook.com/wp-content/uploads/2019/01/1812_Sichuan-Beef-Stir-Fry_001.jpg,Omnivores cookbook
https://omnivorescookbook.com/wp-content/uploads/2023/01/230102_Hot-Pot-Guide_7.jpg,Omnivores cookbook
None,Omnivores cookbook
None,Omnivores cookbook
None,Omnivores cookbook
None,Omnivores cookbook
https://omnivorescookbook.com/wp-content/uploads/2018/09/1809_Stir-Fried-Bitter-Melon-With-Fermented-Black-Beans_003.jpg,Omnivores cookbook
None,Omnivores cookbook
None,Omnivores cookbook
None,Omnivores cookbook
None,Omnivores cookbook
None,Omnivores cookbook
None,Omnivores cookbook
None,Omnivores cookbook
None,Omnivores cookbook
https://omnivorescookbook.com/wp-content/uploads/2014/05/1806_Wonton-Soup_004.jpg,Omnivores cookbook
None,Omnivores cookbook
None,Omnivores cookbook
None,Omnivores cookbook
None,Omnivores cookbook
None,Omnivores cookbook
None,Omnivores cookbook
None,Omnivores cookbook
https://omnivorescookbook.com/wp-content/uploads/2018/04/1803_Instant-Pot-Congee-With-Chicken-Spinach_004.jpg,Omnivores cookbook
None,Omnivores cookbook
None,Omnivores cookbook
None,Omnivores cookbook
None,Omnivores cookbook
None,Omnivores cookbook
None,Omnivores cookbook
None,Omnivores cookbook
None,Omnivores cookbook
None,Omnivores cookbook
https://omnivorescookbook.com/wp-content/uploads/2013/09/1710_Moms-Best-Braised-Pork-Ribs_002.jpg,Omnivores cookbook
None,Omnivores cookbook
None,Omnivores cookbook
https://omnivorescookbook.com/wp-content/uploads/2017/10/1710_Kabocha-Pumpkin-Pie_001.jpg,Omnivores cookbook
https://omnivorescookbook.com/wp-content/uploads/2016/07/1709_Sweet-And-Sour-Chicken_002.jpg,Omnivores cookbook
None,Omnivores cookbook
None,Omnivores cookbook
None,Omnivores cookbook
None,Omnivores cookbook
https://omnivorescookbook.com/wp-content/uploads/2017/08/170807_Chicken-Spring-Roll_1.jpg,Omnivores cookbook
None,Omnivores cookbook
None,Omnivores cookbook
None,Omnivores cookbook
None,Omnivores cookbook
None,Omnivores cookbook
https://omnivorescookbook.com/wp-content/uploads/2017/05/1705_Chinese-Crispy-Duck-Breast_003.jpg,Omnivores cookbook
None,Omnivores cookbook
None,Omnivores cookbook
None,Omnivores cookbook
None,Omnivores cookbook
https://omnivorescookbook.com/wp-content/uploads/2021/11/211022_Di-San-Xian_5.jpg,Omnivores cookbook
None,Omnivores cookbook
None,Omnivores cookbook
None,Omnivores cookbook
None,Omnivores cookbook
None,Omnivores cookbook
https://omnivorescookbook.com/wp-content/uploads/2016/11/1611_Chinese-Brined-Turkey_002.jpg,Omnivores cookbook
None,Omnivores cookbook
None,Omnivores cookbook
https://omnivorescookbook.com/wp-content/uploads/2016/10/1610_Chinese-Beef-Dumplings_005.jpg,Omnivores cookbook
None,Omnivores cookbook
None,Omnivores cookbook
None,Omnivores cookbook
None,Omnivores cookbook
None,Omnivores cookbook
None,Omnivores cookbook
https://omnivorescookbook.com/wp-content/uploads/2014/02/1607_4-Ingredient-Cabbage-Stir-Fry_001.jpg,Omnivores cookbook
https://omnivorescookbook.com/wp-content/uploads/2016/07/1607_Xinjiang-Lamb-Skewer_007.jpg,Omnivores cookbook
None,Omnivores cookbook
None,Omnivores cookbook
None,Omnivores cookbook
None,Omnivores cookbook
None,Omnivores cookbook
None,Omnivores cookbook
None,Omnivores cookbook
None,Omnivores cookbook
None,Omnivores cookbook
None,Omnivores cookbook
https://omnivorescookbook.com/wp-content/uploads/2016/04/1604_Pressure-Cooker-Chicken-Soup_005.jpg,Omnivores cookbook
None,Omnivores cookbook
None,Omnivores cookbook
None,Omnivores cookbook
None,Omnivores cookbook
None,Omnivores cookbook
None,Omnivores cookbook
None,Omnivores cookbook
https://omnivorescookbook.com/wp-content/uploads/2016/01/1601_Duck-Pancakes_001.jpg,Omnivores cookbook
None,Omnivores cookbook
None,Omnivores cookbook
None,Omnivores cookbook
None,Omnivores cookbook
None,Omnivores cookbook
None,Omnivores cookbook
None,Omnivores cookbook
None,Omnivores cookbook
None,Omnivores cookbook
None,Omnivores cookbook
None,Omnivores cookbook
None,Omnivores cookbook
None,Omnivores cookbook
None,Omnivores cookbook
None,Omnivores cookbook
None,Omnivores cookbook
None,Omnivores cookbook
None,Omnivores cookbook
None,Omnivores cookbook
None,Omnivores cookbook
None,Omnivores cookbook
None,Omnivores cookbook
https://omnivorescookbook.com/wp-content/uploads/2015/04/150405_Chinese-Eggplant-With-Garlic-Sauce_1.jpg,Omnivores cookbook
None,Omnivores cookbook
https://omnivorescookbook.com/wp-content/uploads/2015/04/1503_Seafood-Congee_001.jpg,Omnivores cookbook
None,Omnivores cookbook
None,Omnivores cookbook
None,Omnivores cookbook
None,Omnivores cookbook
None,Omnivores cookbook
None,Omnivores cookbook
https://omnivorescookbook.com/wp-content/uploads/2015/02/1502_How-To-Make-Chinese-Dumplings_003.jpg,Omnivores cookbook
None,Omnivores cookbook
None,Omnivores cookbook
None,Omnivores cookbook
None,Omnivores cookbook
None,Omnivores cookbook
None,Omnivores cookbook
None,Omnivores cookbook
None,Omnivores cookbook
None,Omnivores cookbook
None,Omnivores cookbook
None,Omnivores cookbook
None,Omnivores cookbook
https://omnivorescookbook.com/wp-content/uploads/2020/05/200331_Easy-Kimchi-Pizza_2.jpg,Omnivores cookbook
None,Omnivores cookbook
None,Omnivores cookbook
None,Omnivores cookbook
https://omnivorescookbook.com/wp-content/uploads/2020/07/200409_Chicken-Potato-Salad_1.jpg,Omnivores cookbook
None,Omnivores cookbook
None,Omnivores cookbook
