,ingredient
0,fresh rice noodles
1,a 4 to 5 pound duck
2,Shaoxing wine or dry cooking sherry
3,Some vegetable oil and a pastry brush
4,tapioca pearls
5,nutritional yeast
6,sriracha
7,Sriracha sauce
8,Sichuan pepper powder
9,Reynolds Wrap® Non-Stick Foil
10,shredded carrots
11,raw rice
12,red Sichuan peppercorns
13,ham
14,cane vinegar or white vinegar
15,fine white sugar
16,green cabbage
17,okra
18,dark soy soy
19,vital wheat gluten
20,panko or dried breadcrumbs
21,peanut butter or almond butter
22,dried basil
23,parts whole peppercorns
24,soy sauce
25,stalk Chinese celery
26,unsalted chili oil
27,loosely packed cilantro
28,small tomatoes
29,ground raw beef
30,drops red food coloring
31,chopped avocado
32,garlic cloves
33,frozen peas
34,cilantro mint and/or thai basil leaves
35,fresh bean sprouts
36,Large handful of fresh basil
37,green Sichuan peppercorns
38,soba noodles
39,white wine
40,red Zhejiang vinegar
41,Gochujang
42,Muir Glen diced tomatoes
43,belacan shrimp paste
44,medium tomato
45,fatty lamb shoulder or chuck
46,salted fish
47,links Chinese sausage
48,chicken base/bouillon paste
49,shrimp paste or shrimp sauce
50,hot chicken stock or water
51,Sauce
52,raw shrimp
53,scallions and/or cilantro
54,limes juiced
55,boneless skinless breast
56,Shanghai thick noodles
57,Crusty bread
58,cooked Thai jasmine rice
59,large ripe avocados
60,makrut lime leaves
61,sesame
62,Lao Gan Ma Chili Crisp
63,Chinese sausage
64,long eggplants
65,finely chopped chives
66,cold day-old jasmine rice
67,dried mung bean noodles
68,leafy green vegetables
69,dark chocolate
70,black vinegar
71,vegetable broth
72,medium sweet white onions
73,sugar or brown sugar
74,Nuoc cham dipping sauce
75,long pieces of rehydrated tofu bean threads
76,soju
77,head-on shrimp
78,dried woodear mushrooms
79,red holland chili
80,turkey fat drippings from the pan
81,pork shoulder or boneless chicken thighs julienned
82,Fermented Tofu
83,Handful of chopped cilantro
84,lukewarm milk
85,suimi ya cai
86,boneless flank steak
87,big mangoes
88,Pork and napa cabbage
89,Chinese distillers yeast
90,dry sherry cooking wine
91,vanilla
92,black tea bags
93,chopped cilantro
94,A large handful leafy greens
95,teaspoons fresh ginger
96,Olive Oil
97,Grand Marnier
98,medium potatoes
99,celery stalks
100,cilantro stems
101,fresh or dried makrut lime leaves
102,of a red bell pepper
103,whole leek
104,sea salt
105,Large handful of fresh mushrooms
106,unsweetened cocoa powder
107,beef bouillon paste
108,homemade sweet soy sauce
109,lime wedge
110,littleneck or cherrystone clams
111,of a red onion
112,bone-in skin-on chicken thighs and/or legs
113,canned whole peeled tomatoes
114,large shallots
115,dark molasses
116,Bay Scallops or Sea Scallops
117,lukewarm water
118,Instant Pot shredded chicken
119,large green plantains
120,canned tomato sauce
121,leeks or scallions
122,Juice of 1/2 a lemon
123,small head of baby romaine lettuce or iceberg lettuce
124,Juice of 1/2 lime
125,cream
126,Large handful of chopped cilantro
127,head-on sea bass
128,Half sheet pan
129,medium waxy potatoes
130,Shiitake mushroom soaking water
131,fish cake or fish tofu thinly sliced
132,ground cloves
133,Hero Black Currant jam
134,ground black pepper
135,brioche burger buns
136,Turkey juices from the roasting pan
137,Zest of the lemon and the orange
138,century egg
139,cooking oil
140,well-marbled beef chuck
141,1 recipe rough puff pastry
142,pickled mustard greens
143,orange
144,cubed kabocha or butternut squash
145,fresh Thai chilies
146,black rice vinegar
147,A pinch of ground white pepper
148,Chinese chili peppers
149,fresh chestnuts
150,fresh thin Hong-Kong-Style Pan-fried Noodles
151,green papaya
152,Charcoal chimney starter
153,steamed short grain Japanese rice
154,Chinese Rose Wine
155,dried thin spaghetti or angel hair
156,finely chopped fresh thyme
157,penne pasta
158,raw sesame seeds
159,fresh alkaline noodles
160,finely grated zest of 2 lemons
161,block tofu
162,dried split red lentils
163,brisket
164,freshly ground black pepper
165,Chinkiang vinegar
166,cream of tartar
167,breadcrumbs
168,skin-on pork belly
169,Sui Mi Ya Cai
170,tomato sauce or puree
171,broth from homemade braised beef shank
172,cooked Japanese short grain rice
173,anchovy filets in oil
174,Thai sweet chili sauce
175,chicken drumettes
176,egg yolk
177,very finely minced carrot
178,batches little bok choy
179,aluminum cupcake molds
180,Red Yellow Green and Blue food coloring
181,1 serving of noodles
182,small red bell pepper
183,hardboiled eggs
184,spicy fermented bean sauce/paste
185,wheat noodles
186,fresh Lanzhou noodles
187,tea bags
188,shelled walnuts
189,rice vermicelli noodles
190,Mint Thai basil and cilantro
191,Rice Krispies cereal
192,bittersweet or semisweet chocolate
193,minced lemongrass
194,black sesame seeds
195,egg dumpling wrappers
196,1 tablespoon homemade chili oil
197,dried shrimp flakes
198,baby squid
199,Boiling water
200,whole branzino
201,beef tendon
202,small green bell pepper or poblano pepper
203,whole milk greek yogurt
204,multi-grain bread
205,A small head of romaine lettuce or a quarter of a head of iceberg lettuce
206,vine-ripe tomatoes
207,Sliced green onion for garnish
208,minced shallot or red onion
209,sliced cucumber
210,vegetable or peanut oil
211,vegetable or canola oil
212,fresh bok choy
213,powdered sugar
214,fresh okra
215,mushroom soaking water
216,dried lotus seeds
217,chicken and pork stock or just plain chicken stock
218,barley
219,Freshly chopped sage or thyme for garnish
220,House Foods extra firm tofu
221,pork loin sliced in small strips
222,dried mung bean vermicelli noodles
223,ground ginger
224,Vegetable oil for pan frying
225,white or yellow onion
226,salt or to taste
227,fatty beef
228,2 potatoes
229,pork belly or boneless country ribs
230,1 tablespoon vegetable oil and a pinch of salt
231,Chinese dried shrimp
232,rice vinegar or white vinegar
233,small yellow or red bell pepper
234,crushed toasted pecans
235,salted turnip
236,of a whole red bell pepper
237,Thai bird chilies or holland chilies
238,egg yolks
239,A pinch of sugar
240,large egg white
241,sashimi-grade salmon
242,Cooked spaghetti
243,uncooked long grain white rice
244,wonton egg noodles
245,fresh or frozen peas
246,cooked farro
247,pickles
248,large ripe avocado
249,large peeled deveined shrimp
250,holland chile or jalapeno
251,white button or cremini mushrooms
252,seafood mushrooms or bunashimeji mushrooms
253,baby back ribs
254,cantaloupe
255,banana
256,coarsely ground fatty pork
257,white cardamom pods
258,gluten balls
259,serrano chilis
260,salted duck egg yolks
261,granulated garlic or garlic powder
262,bone-in center-cut pork loin chops
263,long hot red peppers
264,panko
265,Leftover cranberry sauce or cranberry relish
266,cooked Jasmine rice
267,corn
268,dried adzuki beans
269,baby spinach
270,pure coconut water/juice
271,egg roll wrappers
272,400 grams fresh lotus root
273,full-fat vanilla yogurt
274,wontons
275,sha cha sauce
276,zest of 1 lemon
277,green pepper
278,no-boil lasagna noodles
279,Furikake
280,finely crushed graham crackers
281,gelatin
282,kiwi
283,fresh or frozen green peas
284,bone-in pork shoulder
285,small seedless cucumber
286,lime wedges sliced red onion red chilis cilantro scallions
287,fresh orange juice
288,dry vermouth
289,unsalted butter
290,sliced Chinese roast pork
291,vodka
292,per pound freshly ground black pepper
293,peanut butter
294,lime
295,laksa paste
296,pitted fresh or frozen sweet cherries
297,flat-leaf parsley
298,light soy sauce or seasoned soy sauce
299,Mirin
300,Kaffir lime leaves
301,dry Chinese tea leaves of your choice
302,FoodSaver® Sous-vide Vacuum Seal Bags
303,red chili flakes
304,red chili oil
305,pickled mustard stems/greens
306,Kalamata olives
307,sweet red bell peppers or Holland chilies
308,pesto
309,of a small onion
310,regular rice flour
311,package instant noodles
312,Instant dry yeast
313,large heirloom tomato
314,ground black bean & garlic sauce
315,large clove garlic
316,coconut milk
317,heaping tablespoons ground bean sauce
318,pork trotters
319,garlic minced
320,triple sec
321,fresh pineapple
322,a small handful of radishes
323,Neutral oil
324,Taiwanese flat cabbage or regular green cabbage
325,mustard greens
326,chili oil
327,lard
328,your favorite godmother sauce/lao gan ma
329,Sliced green onion
330,multigrain cereal mix
331,Up to 1 tablespoon water
332,canned pumpkin
333,lamb shanks
334,fresh yakisoba noodles
335,fresh Hong Kong Pan Fried Noodles
336,chopped fresh parsley
337,small to medium carrots
338,boneless chicken breast or thighs
339,cooked sushi rice
340,small red onion
341,mangos
342,sweet pepper
343,mung bean starch
344,English cucumbers
345,Chinese black vinegar
346,cubed carrot
347,fresh kelp
348,tofu sheets
349,cold day-old rice
350,whole large or jumbo shrimp
351,dried thin rice vermicelli noodles
352,beef chuck roast
353,large frozen shrimp
354,red long hot peppers
355,Spam
356,dried spiced tofu
357,dry cured ham
358,large slices ginger
359,fresh or frozen corn
360,Kosher salt
361,whole Sichuan peppercorn
362,large ginger pieces
363,bean thread/sticks
364,A bone-in prime rib roast
365,cooked medium grain rice
366,petite yellow or red lentils
367,rehydrated dried lily flowers
368,wonton chips
369,frozen wontons
370,chili sauce
371,Fresh ground black or white pepper
372,toasted pecans
373,pressed tofu
374,chicken or pork stock
375,large carrots
376,diced red bell pepper
377,chopped dark chocolate
378,dried pasta
379,of a Japanese eggplant
380,papaya
381,grass jelly
382,large red onion
383,homemade flavored sweet soy sauce
384,fresh ginger
385,fresh holland chili
386,sprigs fresh thyme
387,Doubanjiang
388,Knorr® Chicken Powder
389,Instant noodles
390,small broccoli florets
391,red curry paste
392,a few big handfuls of quality tortilla chips
393,shelled raw red-skin peanuts
394,broth from boiling the chicken
395,Pork with shiitake mushrooms
396,soft tofu or silken tofu
397,large mango
398,ground pork
399,XO sauce
400,A small pinch of dried wood ear mushrooms
401,short grain sweet rice
402,dried longan fruits
403,chili powder
404,garbanzo beans
405,dried rice vermicelli noodles
406,whole goose
407,dried Astragalus propinquus
408,dried udon noodles
409,Pete & Gerrys Pasture-Raised Eggs
410,Coca-Cola
411,kimchi juice
412,plum sauce
413,celtuce
414,vegan butter
415,beech or straw mushrooms
416,fresh thick wonton noodles
417,head cabbage
418,a drop of vanilla
419,black sesame oil
420,egg white
421,Ssamjang paste
422,bay leaf
423,large butter beans
424,whole turkey breast
425,long red Asian pepper
426,summer squash
427,fresh/dried red chilies
428,fresh mint
429,strawberry jam
430,chicken leg quarters
431,Plum sauce
432,mung bean vermicelli
433,roasted red peppers
434,crumbled cheese
435,pack fish balls
436,frozen white rice
437,sauerkraut
438,medium-thick fresh wheat noodles
439,rice vinegar or Chinese black vinegar
440,Taiwanese flat cabbage or green cabbage
441,Lime wedges
442,dried lily flower buds
443,date sugar
444,dried moss
445,dried ingredient soaking water
446,homemade XO sauce
447,about 8 oz. fresh alkaline noodles
448,shaoxing rice wine
449,bourbon
450,Grilled corn on the cob
451,cassia cinnamon
452,Chopped cilantro and toasted sesame seeds for garnish
453,fresh raw peanuts in the shell
454,walnut half
455,finely minced ginger
456,Sugar maple syrup or honey
457,shiitake oyster or king trumpet mushrooms
458,crunchy chow mein noodles
459,sunflower seeds
460,silken tofu
461,beef shin bones
462,dried alkaline noodles
463,Carrot and eggs
464,fresh kale mustard greens or radish greens
465,small bamboo shoot
466,chopped baby spinach
467,melted lard
468,Kitchen twine
469,Powdered sugar
470,flank steaks
471,pure vanilla extract
472,shaved ice
473,oyster mushrooms
474,rehydrated black wood ears
475,Vegan
476,romaine lettuce
477,quinoa
478,sugar snap peas
479,beech or oyster mushrooms
480,cold club soda
481,finely chopped cilantro
482,belacan sauce
483,boneless pork loin butt or shoulder
484,mashed potatoes
485,block of mozzarella cheese
486,sandwich bread of choice
487,medium yellow onions
488,Pickled ginger
489,sweet rice flour
490,Potassium Carbonate solution
491,chocolate covered almonds
492,flat Italian parsley
493,fresh boneless lean pork belly
494,Juice from ½ of a large lime
495,A handful of leafy greens
496,semolina or cornmeal
497,cold water
498,Chinese red dates
499,asparagus
500,big ripe bananas
501,frozen Shepherds purse
502,dried chili pepper
503,stick butter
504,dried wheat noodles
505,ripe mangoes
506,a 2-inch piece of ginger
507,udon noodles
508,bone-in chicken thighs
509,cold tap water
510,total lumpia wrappers
511,dried lily flower
512,dried Chinese yam
513,coarsely ground Sichuan peppercorn
514,Chinese red chili pepper flakes
515,Sha Cha Sauce
516,fresh flat-leaf parsley
517,big eggs
518,hot green chili
519,Shaoxing rice wine
520,Sichuan peppercorn oil
521,toasted pine nuts
522,fresh lemon juice
523,Brush
524,peeled pitted and cubed fresh very ripe mango
525,mustard seeds
526,black rice
527,Sesame oil
528,puff pastry dough
529,Chopped cilantro leaves
530,noodle cooking water
531,sour cream or greek yogurt
532,kewpie mayo
533,AA Choy
534,Walnuts or pecans
535,dijon mustard
536,shredded mozzarella cheese
537,sliced green onion
538,cold plain seltzer
539,large or 4 medium brioche rolls
540,cassia cinnamon stick
541,large taro
542,avocados
543,dark brown sugar
544,leftover turkey carcass
545,prepared Chinese white sauce
546,Vanilla ice cream
547,grated garlic
548,orange zest
549,can pickled jalapeño
550,Asian beef stock
551,batch enoki mushrooms
552,can chipotle pepper with adobe sauce
553,medium Spanish onion
554,whole slab of skin-on pork belly
555,large potato
556,ground pork or chicken
557,homemade chili garlic sauce
558,Oil for frying
559,star anise pod
560,mandarin orange peel
561,crushed fresh peaches
562,chopped fresh mushrooms
563,low sodium Spam
564,all purpose flour
565,black or white peppercorns
566,Thai chili pepper
567,steamed white rice
568,dried tangerine or mandarin orange peel
569,Oil
570,fresh ripe tomatoes
571,apricot preserves
572,Cilantro
573,catfish filets
574,MSG
575,yukon potatoes
576,cumin powder and extra for grilling
577,mushrooms sliced
578,crusty bread
579,yam leaves
580,jalapeno pepper
581,whole star anise pods
582,Salt and freshly ground black pepper to taste
583,shredded cheese
584,vegetable or chicken broth/stock
585,baby bok choy heads
586,chili paste
587,cooked white jasmine rice
588,Finely chopped cilantro
589,yellow cornmeal
590,azuki beans
591,ground coriander seeds
592,extra firm tofu
593,lemon
594,carrot
595,Greek yogurt
596,corn on the cob
597,dried lily flowers
598,minced garlic per pound
599,medium shallot
600,ripe yellow peaches
601,Chinese red/black sugar or honey
602,diced Chinese roast pork
603,gochujang
604,duck braising liquid
605,crispy noodles
606,Dijon mustard
607,30g chopped pecans
608,small handful of cilantro
609,delicate white fish filets
610,A large piece of wax paper
611,large capers
612,Chinese brown/black sugar
613,moo shu pancakes
614,dried or fresh red chilies
615,toasted sunflower seeds
616,fresh mussels
617,boneless center cut pork chops
618,small to medium tomatoes
619,Virginia ham
620,light olive oil or vegetable oil
621,small bunch radishes
622,light olive oil
623,large shallot
624,buttermilk
625,madras curry powder
626,rosé
627,coarsely ground Sichuan peppercorns
628,Small handful Cilantro
629,bread
630,Vegetable or canola oil
631,Electric Mixer
632,regular or firm tofu
633,tepid water
634,boneless skinless chicken breast or thighs
635,Extra salt
636,tea leaves or fannings
637,heavy whipping cream
638,fresh shrimp
639,dried chili peppers
640,scallop XO Sauce
641,Chili garlic sauce
642,celery stems
643,of your turkey drippings
644,chicken breasts
645,firm or extra firm tofu
646,salted pork
647,Softened butter
648,spicy Sichuan hot pot base
649,dried orange or tangerine peel
650,fresh button or baby portabella mushrooms
651,beef marrow or knuckle bones
652,bacon
653,vegetable oil or schmaltz
654,dried whole red chili peppers
655,grated gruyere cheese
656,a 3″ piece of ginger
657,cream cheese
658,brewed coffee
659,chia seeds
660,small pods from a whole star anise
661,purple cabbage
662,Sugar
663,salad greens
664,cooked squash
665,persian cucumbers
666,of a small carrot
667,beef jerky
668,Lime Juice
669,ripe starter
670,rice vinegar or apple cider vinegar
671,vanilla ice cream
672,of dried orange peel
673,red chili pepper
674,mung bean sprouts
675,zaatar
676,winter bamboo shoots
677,chicken legs
678,fried gluten balls
679,holy basil leaves
680,Pacific Foods Organic Low Sodium Beef Broth
681,Pinch of salt
682,Portuguese bread rolls
683,watercress or spinach
684,unbleached all-purpose flour
685,walnut pieces
686,pepperoncini peppers
687,peeled de-seeded and coarsely pureed fresh winter melon
688,fresh red chili
689,spare ribs
690,Pacific Foods Organic Unsweetened Coconut Original
691,Pan drippings
692,confectioners sugar
693,Thai Chili pepper
694,sized 16 to 20 count shrimp
695,water or chicken stock
696,small flour tortillas
697,nectarines
698,chicken backs and necks
699,finely chopped scallion
700,finely shredded coconut
701,sourdough bread
702,celery stalk
703,whole dried chili peppers
704,chives
705,thumbs ginger
706,chopped scallion greens
707,thin noodles
708,shrimp flakes
709,zong
710,Chicken broth
711,mustard powder
712,unrefined coconut oil
713,Salt and pepper
714,Green onions for garnish
715,elbow macaroni or other small short-cut pasta
716,skewers
717,broken up sesame breadsticks
718,sweet bean paste
719,boneless skinless chicken breasts or thighs
720,sliced mushrooms
721,40g chopped raisins
722,long purple eggplant
723,pickled plums
724,Sichuan peppercorns
725,pork ribs
726,leftover turkey
727,handfuls raw bean sprouts
728,sun dried tomatoes
729,chicken bouillon powder
730,white beans
731,dried Hong Kong style egg noodles
732,baking powder
733,AA choy
734,Chinese eggplant
735,rolled or quick cooking oats
736,lamb shank
737,ground Sichuan peppercorns
738,granulated sugar or brown sugar
739,rice cakes
740,lemon zest
741,raw peanuts
742,pork spare ribs
743,ataulfo mangoes
744,celery sticks
745,strip or ribeye steak
746,large slices of ginger
747,dried sweet potato glass noodles
748,red holland peppers
749,lettuce
750,white onions
751,very ripe large bananas
752,Optional 3 to 4 tablespoons rock sugar
753,dried red chilis
754,tea eggs
755,Wasabi
756,chopped pecans
757,vegetables from the roasting pan
758,A pinch of salt
759,Smoking wood chips
760,skinless pork shoulder
761,Green veggies of your choice
762,Sha cha Sauce
763,spicy fermented bean paste
764,bone-in skin-on chicken leg quarters
765,thinly sliced shallots
766,shelled pistachios
767,boneless skinless chicken breast
768,mini pearl tapioca
769,snow pea leaves
770,peeled diced broccoli stems
771,un-toasted sesame seeds
772,Cantonese roast duck
773,tilapia fillets
774,bell peppers or anaheim peppers
775,1/2 grapefruit
776,half-and-half
777,maltose or honey
778,seasoned soy sauce
779,black cardamom pods
780,holland chilies
781,Shichimi Togarashi
782,dill
783,holy or Thai Basil leaves
784,shaoxing huadiao wine
785,dried goji berries/wolfberries
786,Sliced rustic bread
787,medium seedless cucumber
788,large yellow onion
789,frozen banana
790,fresh blueberries
791,dumplings
792,mixed baby salad greens
793,Shredded carrots and cucumber
794,thin/light soy sauce
795,of a small daikon radish
796,fresh strawberries
797,of your homemade Chicken broth
798,boneless pork shoulder
799,Wonton skins
800,loofah
801,dried dates
802,dried tangerine or mandarin orange peels
803,fresh Hong Kong pan fry noodles
804,minced scallion
805,shortening
806,sweet corn
807,chili garlic sauce
808,low-sodium beef broth
809,honey or agave syrup
810,large whole wheat flour tortillas
811,queso fresco
812,overnight jasmine rice
813,drops vanilla extract
814,pea tips
815,raw velveted protein
816,elbow macaroni
817,dried chilis
818,Thai birdseye chilis
819,Cooked white rice
820,coarsely chopped raw pecans
821,Fresh peach wedges
822,Fresh green leaf lettuce cilantro Thai basil and mint
823,Brioche or Potato buns
824,miced ginger
825,sweet potatoes
826,julienned zucchini
827,beef marrow and/or knuckle bones
828,light cream
829,fatty lamb
830,cooked Japanese short-grain rice
831,boneless beef chuck
832,dried thin spaghetti
833,thumb ginger
834,whole cumin seeds
835,Chinese black sugar
836,birds eye chili
837,juice of 1/2 a lemon
838,Soy sauce
839,canned corn
840,soybeans
841,baguette
842,chili powder and extra for grilling
843,choy sum
844,neutral flavored oil
845,seitan/vegan chicken
846,small Thai bird chili
847,reconstituted dried wood-ear mushrooms
848,tong ho
849,grated or minced ginger
850,red holland chili peppers
851,wild mushrooms
852,Dried pho rice noodles
853,Salt to taste
854,Sweet Chili Sauce
855,dried foo jook bean thread
856,Chinese white rice vinegar
857,grape tomatoes
858,frozen rice cakes
859,twine
860,Cilantro for garnish
861,fresno pepper
862,large avocado
863,small carrots
864,spaghetti
865,date syrup
866,Scallions
867,chickpea flour
868,Fried shallots for garnish
869,leeks
870,dark soy or mushroom soy sauce
871,white mushrooms
872,medium leek
873,regular cabbage
874,Shanghai rice vinegar
875,julienned carrots – 140g
876,lightly packed dark brown sugar
877,Chinese cassia cinnamon stick
878,Juice of 1 lime
879,cornstarch mixed with 2 tablespoons water
880,a 3-inch piece of cured pork belly
881,pack Root + Spring Baby Chrysanthemum & Ginseng Herbal Tea Mix
882,lap cheong
883,sticky rice
884,snap peas
885,Store-bought naan
886,Salt and black pepper
887,fresh red chili peppers
888,Rice
889,medium shallots
890,small thumb ginger
891,curry powder
892,fresh cooked egg noodles
893,Chinese pickled long beans
894,medium firm tofu
895,Brown sugar
896,sliced shallots
897,uncut pork belly
898,bird eye chili pepper
899,homemade flatbreads
900,uncooked short grain white rice
901,olive oil per pound
902,Fried shallot for garnish
903,ripe avocado
904,long red or green hot pepper
905,loaf crusty bread
906,Yi Mein noodles
907,dried mung beans
908,buckwheat flour
909,225g shredded monterey jack cheese
910,A pinch of ground white pepper in each bowl
911,fish balls
912,lye water
913,beef flank steak or beef chuck
914,chorizo
915,whole dried red chilies
916,double crust pie dough
917,small head cabbage
918,warm water
919,raw skin-on peanuts
920,sesame oil
921,yellow split peas
922,peanut oil or canola oil
923,Demerara sugar
924,aspic
925,arugula
926,Balsamic vinegar
927,cinnamon sticks
928,Sichuan peppercorn powder
929,fresh thyme leaves
930,dried blueberries
931,shredded cabbage
932,whole red Sichuan peppercorns
933,thin poached spring bamboo shoots
934,skinless chicken thighs
935,jinhua ham
936,pine nuts
937,chili pepper flakes
938,smashed ginger
939,eggs
940,cooked rice vermicelli
941,cabbage leaves
942,Golden Mountain Sauce
943,boneless skinless chicken thighs or chicken breast
944,⅛-inch thick ginger slices
945,large tomato
946,salt and pepper to taste
947,mochi rice cakes
948,mixed frozen vegetables
949,big slice ginger
950,Cubed avocado or sour cream
951,onions or scallions
952,ear corn on the cob
953,young turkey
954,Boiled soba noodles
955,lamb meat
956,diced tomato
957,small egg
958,chopped scallion or cilantro
959,half-inch thick slices of fresh ginger
960,pork neck bones
961,Hong Kong Style dumpling wrappers
962,Vegetable oil
963,toasted sesame oil or homemade chili oil
964,and 1/2 tablespoons vegetable oil
965,ground Sichuan peppercorn
966,pearl barley
967,pork tenderloin
968,dried hawthorn
969,mild chili powder
970,water/mushroom soaking water
971,Chinese mustard greens
972,Chinese dumpling sauce
973,thin Hong-Kong-style round dumpling wrappers
974,medium bitter melons
975,500 grams hatch peppers
976,cooked hokkien noodles or fresh lo mein noodles
977,a handful of sliced lotus root
978,dried preserved mustard greens
979,pre-cooked salted duck egg yolks
980,granulated garlic
981,roast pork
982,Taiwanese flat cabbage
983,light soy sauce
984,pork liver
985,plant-based milk
986,packed brown sugar
987,deep fried tofu puffs
988,Hong Kong style wonton noodles
989,Chinese five spice powder
990,spinach
991,Sesame paste
992,broccoli florets
993,white sandwich bread
994,chicken stock or beef stock
995,cajun seasoning
996,chicken powder
997,Chinese char siu pork
998,chopped cilantro or parsley leaves
999,fermented black bean sauce
1000,Dan Dan noodles
1001,Chinese pickled mustard tube
1002,ponzu sauce
1003,Chinese long eggplant
1004,large dried anchovies
1005,fresh or frozen berries
1006,Spanish green olives
1007,almonds
1008,bitter melons
1009,fresh rosemary per pound
1010,packed dark brown sugar
1011,coarse salt
1012,sliced Spam
1013,apricot jam
1014,whole flounder sole or fluke
1015,boneless skinless chicken thigh
1016,golden syrup
1017,five spice powder
1018,fried egg
1019,lamb stew meat
1020,large white bok choy
1021,zest and juice of ½ a lemon
1022,freshly grated parmesan cheese
1023,blue cheese crumbles
1024,dried Chinese chili pepper
1025,ham juice
1026,shaved parmesan or romano cheese
1027,fresh Chinese wide egg noodles
1028,pecorino romano
1029,Cooked rice or noodles as a side
1030,finely diced Chinese celery or regular celery
1031,asparagus spears
1032,frozen seafood mix
1033,leftover gravy or turkey drippings
1034,frozen corn
1035,Thai yellow curry paste
1036,snow pea shoots
1037,dumpling wrappers
1038,Parsley for garnish
1039,Asian fried fish balls
1040,fresno chilis
1041,parsley
1042,fresh mung bean sprouts
1043,dried red chili flakes
1044,chopped garlic chives
1045,canola oil for frying
1046,whole black peppercorns
1047,shredded low-moisture mozzarella cheese
1048,A dusting of all purpose flour for cake pan
1049,fresh Hong-Kong-Style noodles for pan-frying
1050,Pickled Chinese mustard tube
1051,fresh pre-cooked lo mein noodles
1052,fresh ramen noodles
1053,sliced chicken thighs or breast
1054,daikon radish
1055,dried bamboo or reed leaves
1056,fennel seeds
1057,Steamed jasmine rice
1058,ground cumin
1059,medium size onion
1060,Jakes Grillin Beef Rub
1061,low-sodium vegetable broth
1062,homemade braised beef shank
1063,Lao Gan Ma Black Bean Chili Sauce
1064,recipe Steamed Lotus Leaf Buns
1065,dried unseasoned breadcrumbs
1066,Homemade pickled shallots
1067,water or beef stock
1068,small pod from a whole star anise
1069,Sea salt
1070,shallots or red onion
1071,long red Asian chili pepper
1072,red food coloring
1073,dried mandarin orange peel
1074,Thai birds eye chili
1075,Baby kale and baby mesclun greens
1076,Zhenjiang black vinegar
1077,fresh or dried cranberries
1078,cooked sticky rice
1079,choy sum or baby bok choy
1080,pureed butternut squash
1081,dried vermicelli rice noodles
1082,superfine or caster sugar
1083,unsalted smooth peanut butter
1084,cooked protein such as Chinese roast pork/char siu or pan-fried tofu
1085,onion
1086,Chu Hou sauce
1087,BBQ sauce
1088,sesame paste/tahini
1089,black salt
1090,reserved cooking water from the noodles
1091,Sweet bean paste
1092,whole duck
1093,Bamboo skewers
1094,Canola oil
1095,bags black tea
1096,Sliced green onion and / or fried garlic
1097,wide dried rice noodles
1098,fresh watercress
1099,Sambal oelek sauce
1100,lime juice or lemon juice
1101,Sea salt to taste
1102,Thai birds eye chilis
1103,thinly sliced beef
1104,flounder fillets
1105,salmon fillet
1106,Roasted sesame seeds
1107,whole wheat flour
1108,plus 1 teaspoon canola oil
1109,small green or red bell pepper
1110,Stainless steel tray
1111,leftover ratatouille
1112,uncooked white rice
1113,Handful of crushed peanuts
1114,jumbo shrimp
1115,freshly brewed hot coffee
1116,rolled oats
1117,Korean chili powder or paprika
1118,chilies or peppers of your choice
1119,daikon or Korean radish
1120,whole dried red chili peppers
1121,peach or apricot preserves
1122,unsalted butter room temperature
1123,cherry tomatoes
1124,finely chopped dill
1125,hemp seeds
1126,low-gluten flour
1127,cooked salted duck egg yolks
1128,crushed Sichuan peppercorns
1129,long red pepper
1130,large mangoes
1131,of water
1132,springform pan
1133,cayenne pepper
1134,semi-sweet chocolate chips
1135,cold beer
1136,A drizzle of soy sauce
1137,ssamjang paste
1138,bread flour
1139,mini cucumbers
1140,half and half or heavy cream
1141,cayenne powder
1142,dried bamboo leaves
1143,can fried dace with fermented black beans
1144,leftover rice
1145,pork shoulder or loin
1146,canned quail eggs
1147,Thinly sliced chili peppers
1148,plain Greek yogurt
1149,green and red Sichuan peppercorns
1150,heads baby bok choy
1151,truffle oil
1152,lemons zest
1153,of a large head of red-leaf lettuce
1154,unsweetened coconut flakes
1155,hot chili peppers
1156,seasoned soy sauce for seafood
1157,more rose petals
1158,large egg whites
1159,dry white wine
1160,red onion
1161,dried pho noodles
1162,bread flour or all-purpose flour
1163,king oyster mushrooms
1164,Thai chilis
1165,medium sweet potato
1166,distilled vinegar
1167,boneless skin-on pork belly
1168,maple syrup and butter for serving
1169,Chinese fermented black beans
1170,skin-on lean pork belly
1171,frozen green peas
1172,soft or medium firm tofu
1173,fresh holland or Thai bird chili
1174,kansui
1175,Leafy greens of your choice
1176,dried knife shaved noodles
1177,ground Sichuan peppercorn powder
1178,kewpie mayonnaise
1179,whole jalapeños
1180,toasted cashews
1181,bunch of parsley
1182,kimchi
1183,green onion
1184,5 oz. can bamboo shoots
1185,Chopped scallions and cilantro
1186,Enoki mushrooms
1187,thin slices ginger
1188,mayonnaise ketchup or mustard
1189,raspberry jam
1190,tian mian jiang
1191,black tea leaves
1192,Shredded chicken
1193,uncooked jasmine rice
1194,tatsoi
1195,stick
1196,3-inch pieces ginger cut in half lengthwise
1197,black tea
1198,uncooked green lentils
1199,gai lan
1200,light or regular soy sauce
1201,bone-in ham
1202,papery shrimp
1203,boneless beef shank
1204,plain yogurt
1205,half and half
1206,large taro root
1207,homemade steamed bao buns
1208,chopped chives
1209,fresh garlic
1210,white chocolate chips
1211,white fish filet
1212,cooked jasmine rice
1213,of finely chopped shallots
1214,chopped scallion and cilantro
1215,A large handful of leafy greens
1216,angel hair pasta
1217,fermented bean curd
1218,small yellow squash
1219,plus 1 teaspoon salt
1220,Flaky sea salt
1221,packet of Goya Sazon con culantro y achiote seasoning
1222,red Thai bird chilies
1223,Yellow pickled radish and some additional cut raw onion
1224,store-bought dumpling wrappers
1225,natural hardwood lump charcoal
1226,ma lan tou
1227,corn kernels
1228,chopped pickled long beans suan dou jiao 酸豆角
1229,Ketchup
1230,salt and black pepper
1231,molasses
1232,savoy cabbage
1233,dried Polygonatum odoratum
1234,peeled deveined shrimp
1235,cinnamon stick
1236,vegetable bouillon
1237,Toasted sesame oil
1238,120 fresh seaweed strips or 1 oz. dried kombu
1239,stock
1240,graham crackers
1241,honey or agave
1242,chicken broth
1243,five-spice powder
1244,coconut water
1245,pork meat and bone for braising
1246,finely minced fresh ginger
1247,dried spaghetti
1248,finely diced mango
1249,canola or peanut oil
1250,warm milk
1251,quick simple syrup
1252,a handful of ground almonds
1253,marinara sauce
1254,pork chicken or beef stock
1255,block soft tofu
1256,plain Greek Yogurt
1257,well-marbled pork ribs
1258,cooked black rice
1259,salt and vegetable oil
1260,Grated Parmesan cheese
1261,sliced sticky rice cakes
1262,Extra virgin olive oil
1263,peanut or canola oil
1264,soy sauce or tamari for gluten-free
1265,fresh wheat noodles or 5 oz / 140 g dried noodles
1266,ground bison
1267,white mushroom
1268,1/2 daikon radish peeled and chopped
1269,large scallion
1270,boneless pork butt/shoulder
1271,whole poblano peppers
1272,bean curd skin
1273,wide homemade pulled-noodles
1274,Toasted sesame seeds for garnish
1275,cumin seeds
1276,minced
1277,Sliced green onions
1278,small head romaine lettuce
1279,chopped cilantro leaves
1280,boneless skinless chicken breast or thighs thinly sliced
1281,head of garlic
1282,char siu
1283,chocolate shavings
1284,well-marbled boneless beef chuck
1285,small-sized uncooked tapioca
1286,sweet rice/sticky rice/glutinous rice
1287,dried rosemary
1288,tomato puree
1289,frozen veggies
1290,Japanese-style udon noodles
1291,dried dill
1292,coarsely chopped fresh cilantro leaves
1293,whole shrimp
1294,medium peaches
1295,cheese
1296,Thai Chili Paste
1297,fresh lotus roots
1298,oyster sauce or vegetarian oyster sauce
1299,freshly grated Pecorino Romano or Parmesan cheese
1300,apple cider
1301,dried Makrut lime leaves
1302,Pete & Gerrys large eggs
1303,small bell pepper
1304,Chinese cooking wine
1305,whole squid
1306,red potatoes
1307,chicken breast or thigh
1308,small napa cabbage
1309,chopped preserved mustard stems zha cai 榨菜
1310,light brown sugar
1311,mezzi rigatoni
1312,English/hothouse cucumbers
1313,seeded dried plums
1314,large red skinned potatoes
1315,Dumpling dipping sauce
1316,Pickled mustard tube
1317,brussels sprouts
1318,long hot green peppers or bell peppers
1319,sliced baby bella or button mushrooms
1320,ginger powder
1321,peeled and deveined large shrimp
1322,Cooked beef balls
1323,Challah bread
1324,per pound kosher or coarse sea salt
1325,medium cucumber
1326,Chinese fried dough stick
1327,very ripe medium bananas
1328,medium grain white rice
1329,chicken bouillon
1330,cold leftover cherry pie
1331,A splash of vanilla extract
1332,jasmine tea leaves
1333,Vegetable oil for frying
1334,medium carrots
1335,uncooked rice
1336,Red pepper flakes
1337,Malaysian curry powder or Madras curry powder
1338,skinless boneless breast
1339,ground toasted Sichuan peppercorns
1340,coarsely chopped garlic
1341,unsalted roasted peanuts
1342,serrano peppers
1343,lean pork
1344,seitan puffs
1345,tofu skin knots
1346,soy sauce or to taste
1347,ground turmeric
1348,Salt
1349,high quality low sodium chicken broth
1350,mushroom broth
1351,Asian eggplants
1352,a handful of fresh basil
1353,small new potatoes
1354,of sugar
1355,Salsa
1356,whole Sichuan peppercorns
1357,mustard green stems
1358,leftover cooked white rice
1359,evaporated milk
1360,half and half or light cream
1361,sliced lean pork
1362,Chinese chili oil with chili flakes
1363,dried baby chrysanthemum
1364,Green onion
1365,Lime juice
1366,tofu cream cheese
1367,smoked paprika
1368,yakisoba
1369,toasted black sesame seeds
1370,lap cheung sausages
1371,whole coriander seeds
1372,Thai black soy sauce
1373,Anaheim pepper
1374,dark rum
1375,extra large eggs
1376,long green pepper
1377,cauliflower florets
1378,dried Shiitake mushrooms
1379,Iceberg lettuce
1380,rehydrated wood-ear mushrooms
1381,Freshly ground black pepper
1382,salmon filet
1383,pork and/or chicken bones
1384,Japanese eggplants
1385,lemon juice
1386,Kens chunky blue cheese dressing
1387,holy basil or Thai basil
1388,finely chopped toasted walnuts plus 12 raw walnut halves
1389,large onions
1390,Hoisin sauce and/or Sriracha
1391,dried rice noodles
1392,and 1/2 tablespoons light soy sauce
1393,cooked char siu
1394,Chinese Roast Pork
1395,lean Chinese sausages
1396,mussels
1397,handful of chopped ham
1398,chili garlic hot sauce / sriracha
1399,dry milk powder
1400,fresh squid
1401,1 egg yolk
1402,dried wide rice noodles or 1 pound fresh rice noodles
1403,jalapenos
1404,ground chicken pork or beef
1405,cornstarch slurry
1406,1-inch/2.5cm cubes of sheep/goat cheese
1407,cold butter
1408,black pepper powder
1409,osmanthus syrup
1410,long hot red/green peppers
1411,vegetable shortening
1412,dark meat ground turkey
1413,small leek
1414,instant dashi powder
1415,dried fettuccine
1416,thinly sliced green beans
1417,cilantro for garnish
1418,papery dried shrimp
1419,of white bread
1420,gluten-free-flour
1421,small to medium butternut squash
1422,Old Bay seasoning
1423,star anise
1424,preserved Thai salted radish or Chinese mustard stem
1425,agave nectar or simple syrup
1426,juice and zest of ½ a lemon
1427,Cotton twine or narrow stalks to tie the zongzi
1428,frozen spring roll wrappers
1429,chicken
1430,cooked lobster
1431,mushroom soaking liquid
1432,Chopped walnuts and / or raw sugar
1433,holy basil or Thai basil leaves
1434,lean pork or chicken
1435,bone-in skin-on turkey thighs
1436,hot pot soup base sauce
1437,large egg yolks
1438,unbleached all-purpose flour or bread flour
1439,mei fun dried rice noodles
1440,Chee Hou Sauce
1441,Parmesan cheese
1442,white onion
1443,mixed green salad to serve with
1444,mung bean glass noodles
1445,Light soy sauce
1446,green onion greens for garnish
1447,2 to 3 tablespoons chopped cilantro for garnish
1448,homemade red bean paste
1449,leafy greens
1450,finely chopped ginger
1451,Splash of heavy cream
1452,basil leaves
1453,small batch cilantro
1454,chopped fresh cilantro leaves
1455,can coconut milk
1456,somen noodles
1457,bunch holy or Thai basil leaves
1458,thick Shanghai Noodles
1459,Homemade Chinese Barbecue Sauce
1460,Sliced tomatoes
1461,fresh Hong Kong-style pan-fried noodles or 4 bundles dried noodles
1462,Thinly sliced lime pieces
1463,squid tubes
1464,chicken stock or water
1465,a red onion
1466,Chinese water spinach
1467,rehydrated wood ear mushrooms
1468,Pastry brush
1469,zest of 1/2 an orange
1470,fresh or dried noodles
1471,Sesame seeds for sprinkling
1472,annatto powder
1473,Annie Chuns Organic Udon Noodles
1474,sweetened or unsweetened coconut milk
1475,minced kimchi
1476,pack soft tofu
1477,pumpkin
1478,pork bones
1479,dried hot chili peppers
1480,Chinese white noodles
1481,zest and juice of 1 lime or lemon
1482,orange liqueur
1483,untrimmed beef flank
1484,unsalted cashews
1485,ice cubes
1486,bone-in skin-on chicken thigh
1487,rice wine vinegar
1488,Your desired toppings––fresh fruit granola nuts etc.
1489,Sichuan peppercorn
1490,soybean paste
1491,boneless pork
1492,peeled deveined jumbo shrimp
1493,dried anchovies
1494,round piping tip
1495,boneless chicken thighs
1496,dried breadcrumbs
1497,napa cabbage kimchi
1498,natural peanut butter
1499,Chinese Facing Heaven chili peppers
1500,braised chicken thigh with black beans
1501,of a star anise
1502,Shaoxing wine
1503,all-purpose flour
1504,spiral sliced bone-in half ham
1505,pork spare ribs strips
1506,fresh dill
1507,sourdough or other crusty bread
1508,edible clover
1509,reserved blanching broth
1510,honeycomb beef tripe
1511,homemade dumpling wrappers
1512,Thai thin soy sauce
1513,Hong Kong Pan Fried Noodles
1514,soybean sprouts
1515,roasting chicken
1516,leftover steamed rice
1517,of white pepper
1518,envelope active dry yeast
1519,coconut
1520,Portobello mushrooms
1521,poria cocos mushrooms
1522,dried marjoram
1523,Small Chinese rolling pin
1524,spiced bean curd
1525,large diver or sea scallops
1526,Juice from 1/4 of a lime
1527,grated or minced garlic
1528,freshly ground Sichuan peppercorns
1529,feta cheese
1530,toasted sesame seeds and chopped scallion
1531,Nutella
1532,lamb leg or ground lamb
1533,Ice cubes for a cold drink
1534,long hot peppers
1535,baijiu
1536,chicken wing flats
1537,cold whipping cream
1538,Ladyfingers
1539,Goji berries
1540,freshly ground Sichuan peppercorn
1541,stems celery
1542,room-temperature water
1543,softened butter
1544,Chinese pickles or fermented tofu
1545,steamed rice
1546,white or black peppercorns
1547,Pete and Gerrys Organic Egg yolks
1548,cardamom
1549,Juice of ½ a lemon
1550,sea carp
1551,radishes
1552,ground chicken
1553,anaheim chili pepper
1554,unsweetened natural peanut butter
1555,golden raisins
1556,kabocha squash
1557,Sesame seeds
1558,cranberry juice
1559,boneless skinless chicken thighs
1560,cooked rice
1561,coarsely ground black pepper powder
1562,drops of red food coloring
1563,Jinhua ham
1564,silkie chicken
1565,Persian cucumber
1566,heavy cream
1567,shelled pecans
1568,Chinese bai jiu 白酒
1569,cabbage
1570,Chopped cilantro and/or green onions
1571,fresh lemon
1572,blue cheese
1573,julienned carrot
1574,frozen corn kernels
1575,dried pad Thai noodles
1576,boneless ribeye
1577,balsamic vinegar
1578,Sweet chili sauce
1579,Sichuan red pepper flakes
1580,Louisiana hot sauce
1581,maltose
1582,green Sichuan pepper oil
1583,thin egg noodles
1584,orange marmalade
1585,large dried lotus leaf
1586,large onion
1587,low sodium chicken broth
1588,scallion pancakes
1589,New York strip or sirloin steak
1590,ketchup
1591,half-and-half or heavy cream
1592,St Louis ribs
1593,Shredded crispy seaweed sheet
1594,3 tablespoons chopped cilantro for garnish
1595,scallion white
1596,uncooked sticky rice
1597,Mexican cheese
1598,beef outside flank/rough flank
1599,superfine sugar
1600,your leftover turkey carcass and all the vegetables at the bottom of your roasting pan
1601,bone-in skin-on chicken legs
1602,thinly sliced ginger
1603,Romaine or iceberg lettuce
1604,Chinese salted fish
1605,whipping cream
1606,grapefruit juice
1607,dried Chinese red dates
1608,chili de árbol
1609,ground Sichuan Peppercorn
1610,Chinese dried chili peppers
1611,coconut sugar
1612,oxtails
1613,can pumpkin puree
1614,Steamed or blanched assorted veggies
1615,mushroom soy sauce
1616,wide rice noodles or egg noodles
1617,jasmine rice rinsed and drained
1618,bone-in skin-on chicken thighs
1619,fresh thyme
1620,finely chopped pecans
1621,fresh lime juice
1622,chopped leeks
1623,bone-in chicken leg quarters
1624,diced persimmon
1625,dried scallop
1626,dried fruit
1627,panko breadcrumbs
1628,dried Mandarin orange peel
1629,A big handful or two of any leafy green vegetable
1630,lily flower soaking liquid
1631,all-purpose flour for the batter
1632,diced ham
1633,Chinese vinegar
1634,stuffing
1635,dry red wine
1636,cornstarch
1637,large white onion
1638,crusty country-style white bread
1639,chicken stock
1640,Pete and Gerrys Organic Eggs
1641,regular or light soy sauce
1642,mackerel fillets
1643,short grain sticky rice
1644,B&W Quality Growers watercress
1645,dried chrysanthemum tea
1646,soy puffs
1647,AP flour
1648,white wine vinegar
1649,onion or shallots
1650,thinly sliced pork chops
1651,vanilla bean paste
1652,stalks small heads of Chinese broccoli
1653,Homemade chili oil
1654,dried lily bulb pieces
1655,unseasoned dried breadcrumbs
1656,fresh ginger slices
1657,small head red cabbage
1658,Assorted lettuce
1659,chicken thigh
1660,tamarind paste
1661,black beans
1662,pork ribs or pork rib tips
1663,crusty Italian rolls
1664,Korean chili flakes
1665,butter or oil
1666,lean pork belly
1667,Egg wash
1668,wheat gluten
1669,ripe mangos
1670,boneless pork shoulder or loin
1671,white fish
1672,a handful of mint
1673,A dash of crushed chili flakes
1674,ground oat bran
1675,banana peppers
1676,organic chicken base
1677,round dumplings wrappers
1678,rack of St. Louis ribs
1679,white roasted sesame seeds
1680,yellow noodles
1681,low-sodium chicken stock
1682,wasabi
1683,finely chopped shallots
1684,spicy red bean sauce
1685,vegetable oil for brushing
1686,small pieces Chinese cinnamon
1687,Buttermilk
1688,Parchment paper
1689,large king oyster mushrooms
1690,ginger
1691,cucumber
1692,celery
1693,shrimp
1694,English cucumber
1695,Shaoxing Chinese wine
1696,blueberries
1697,pork leg bones
1698,lemongrass
1699,winter melon candy
1700,ground fenugreek
1701,fried shallots
1702,canned julienned bamboo shoots
1703,large tomatoes
1704,bell or red pepper
1705,fresh uncooked egg noodles
1706,ice water
1707,water
1708,minced scallions
1709,pork skin
1710,Chopped green onion for garnish
1711,rice flour
1712,Large wok
1713,sheet store-bought puff pastry
1714,fresh lemongrass
1715,small scallion
1716,egg wash
1717,pork belly or any marbled piece of pork
1718,rustic Italian or French bread
1719,of a carrot
1720,fresh Italian parsley
1721,mushrooms of your choice
1722,Thinly sliced onion
1723,liquid from the jar of fermented tofu
1724,small onions
1725,belacan
1726,fresh noodles
1727,ricotta
1728,homemade chili oil
1729,dried shiitake mushroom
1730,cleaned fresh squid
1731,miso paste
1732,sheets roasted seaweed
1733,large bay leaves
1734,bulb of garlic
1735,of your prepared chili oil
1736,A few small pinches salt
1737,Grated parmesan cheese
1738,reserved mushroom soaking water
1739,white pepper powder
1740,beef short ribs
1741,capers
1742,dried squid or 2 pieces dried conch or 3 large dried scallops
1743,A small handful of dried red chili peppers
1744,mashed garlic
1745,Chinese bitter melon
1746,fresh ground white pepper
1747,small piece of rock sugar
1748,vegan chicken nuggets or tenders
1749,ground lamb leg
1750,orange juice
1751,cornmeal
1752,soft or firm tofu
1753,large carrot
1754,carrots
1755,fermented black beans
1756,avocado
1757,piece of galangal
1758,whole milk
1759,sweet bean sauce
1760,Noodle of your choice
1761,cranberry sauce
1762,dashi stock
1763,Bean curd sticks
1764,fried soy puffs
1765,OR steamed rice
1766,fatty pork
1767,Salt and ground black pepper
1768,bonito flakes
1769,firm
1770,peanut butter chips
1771,bamboo leaves
1772,small bundles of mung bean vermicelli
1773,finely minced shallot
1774,tamarind pulp
1775,mango
1776,Shimeji mushrooms
1777,diced canned tomatoes
1778,A small handful chopped cilantro
1779,milk bread
1780,filling of your choice
1781,chili peppers
1782,Chinese red vinegar
1783,red chile peppers
1784,bamboo shoots
1785,hard boiled eggs
1786,sliced tofu
1787,glutinous rice flour and extra flour to dust working surface
1788,milk
1789,dried bean threads/bean curd sticks
1790,chopped shallots
1791,cooked brown rice
1792,Ranch seasoning mix
1793,unsweetened shredded coconut
1794,mixed vegetables
1795,dried Chinese chili peppers
1796,fresh mandarin orange or clementine
1797,store-bought round white dumpling wrappers
1798,fresh yuba sheets or 1 semi-dried yuba sheet
1799,yellow mustard
1800,red beans
1801,Mustard
1802,beef chuck
1803,anchovies
1804,Chopped cilantro
1805,Chinese cauliflower florets or regular cauliflower
1806,rehydrated shiitake mushrooms
1807,chicken or vegetable stock
1808,sparkling wine
1809,a 3″ piece of galangal
1810,12-oz. / 340-g block extra firm tofu
1811,cinnamon sugar
1812,Your preferred crunchy green lettuce
1813,A dollop of chili oil
1814,napa cabbage leaves
1815,winter melon
1816,chai tea bag
1817,center cut pork chops
1818,juice from cooking the chicken
1819,Chinese red pepper flakes
1820,water chestnuts
1821,chee hou sauce
1822,Chinese chili flakes
1823,milk bread croissant dough
1824,shaoxing wine or dry sherry
1825,fresh parsley
1826,grated carrots
1827,dried wide rice noodles
1828,roughly chopped fresh flat-leaf parsley
1829,liquid mesquite smoke
1830,dried tangerine peel
1831,rehydrated wood ears
1832,mato
1833,leek
1834,Sliced chili
1835,frozen peas and carrots
1836,sticks butter
1837,Sichuan pickled pepper
1838,flank steak or sirloin steak
1839,roasted black sesame seeds
1840,fresh Chinese egg noodles
1841,oyster or shiitake mushrooms
1842,OR
1843,dry milk powder or non-dairy milk powder
1844,Kosher or coarse sea salt per pound
1845,peanut or avocado oil
1846,Chili oil to taste
1847,maple syrup
1848,1/4 oz. packets active dry yeast
1849,dried chilies
1850,round rice paper wrappers
1851,heads Chinese leafy greens
1852,whole freshwater bass sea bass or branzino
1853,strawberry and lemon slices
1854,Daikon radish
1855,thin wheat noodles
1856,fresh oregano
1857,chopped green onion for garnish
1858,Chinese sour cabbage
1859,cooked bacon
1860,shelled mung beans
1861,large Pete and Gerrys Organic Eggs
1862,chopped green onion
1863,ground toasted Sichuan peppercorn
1864,fresh Ong Choy
1865,red bell peppers
1866,powdered agar agar
1867,duck legs
1868,short-cut pasta
1869,lamb shoulder chops
1870,fresh chopped dill
1871,dried tái tiáo seaweed
1872,White pepper
1873,shredded spiced tofu
1874,fresh Thai chili peppers
1875,of white paper
1876,Sour cream
1877,peas
1878,big thumb ginger
1879,boneless skinless chicken thighs or breasts
1880,dried chickpeas
1881,boneless skinless chicken breast or 2 boneless skinless chicken thighs
1882,red fermented bean curd
1883,cold water lobsters
1884,tomato puree or tomato sauce
1885,bamboo shoot
1886,eggplant
1887,dried broad bean noodles
1888,Egg wash: whisk together 1 egg with 1 teaspoon water
1889,small cinnamon stick
1890,small head cauliflower
1891,baby corn
1892,unsweetened coconut milk
1893,standard bun length hot dogs
1894,raw shelled peanuts
1895,mushroom
1896,good curry powder
1897,finely grated ginger
1898,Thai bird or holland chilies
1899,wheat Chex cereal
1900,small shallot
1901,Chopped scallion
1902,rice wine
1903,hot sauce of your choice
1904,flaxseed
1905,imitation crab legs
1906,225g ground turkey chicken beef or pork
1907,Chinese yellow chives
1908,tuna in olive oil
1909,salted cured pork
1910,whole dried Chinese red chili peppers
1911,rum
1912,Homemade hoisin sauce
1913,clear rice wine
1914,all purpose flour or bread flour
1915,matzo meal
1916,small taro
1917,goji berries and golden raisins
1918,white or brown mushrooms
1919,whole live lobsters
1920,small potato
1921,Chopped green onions for garnish
1922,extra virgin olive oil
1923,ground beef
1924,pie dough for a 9 pie or premade pie crust
1925,instant yeast
1926,hickory chips
1927,cooked chicken
1928,dried bay leaf
1929,anaheim pepper
1930,raw shelled and skinned peanuts
1931,50g mooncake mold
1932,bread crumbs
1933,sheet puff pastry
1934,3 to 5 lbs / 1.5 to 2 kg whole chicken
1935,crabs
1936,Thai chili paste
1937,walnut raisin bread
1938,red chili pepper powder
1939,medium Chinese or Japanese eggplants
1940,sliced beef jerky
1941,baking soda
1942,vegetable stock
1943,julienned napa cabbage
1944,shredded cucumber
1945,Kimchi
1946,broccoli rabe
1947,lump crab meat
1948,Thai basil
1949,fresh chow mein noodles
1950,bone-in chicken
1951,cilantro and/or scallions
1952,minced Spanish olives
1953,broccoli
1954,small shallots
1955,of Chinese toon sprouts
1956,scallions
1957,pancetta or bacon
1958,Chinese greens or other vegetables
1959,soaking water from the lily flower and mushroom
1960,finely chopped onion
1961,baby potatoes
1962,beer
1963,bunch basil
1964,pork front hock/shank
1965,Moo shu pancakes
1966,palm sugar
1967,beef stew meat
1968,3 tbsp water
1969,finely chopped garlic
1970,galangal or sand ginger powder
1971,fresh lo mein egg noodles
1972,coarse sea salt
1973,dried Codonopsis pilosula
1974,sheets phyllo dough
1975,roasted unsalted cashews
1976,cooked rotisserie chicken
1977,sweetened condensed milk
1978,green bell pepper
1979,Toasted sesame oil or homemade chili oil
1980,cubed cucumber
1981,Cilantro leaves
1982,dried wakame seaweed
1983,sea salt or kosher salt
1984,can of crushed pineapple
1985,chicken broth from boiling the chicken
1986,70% lean ground pork
1987,yellow onions
1988,chicken drumsticks
1989,shredded cheddar cheese
1990,Fresh ground white pepper
1991,sheets dried or fresh bamboo leaves
1992,salt or salt to taste
1993,shrimps
1994,1 teaspoon Sichuan peppercorn
1995,Lettuce leaves
1996,mixed salad greens
1997,whole carp
1998,tofu
1999,large sea scallops
2000,lump crabmeat
2001,Chinese scallions
2002,Oyster Sauce
2003,1 cup chicken stock
2004,thin Chinese wheat noodles
2005,black truffle pâté
2006,Gyoza
2007,The zest of one lemon
2008,part sea salt
2009,garam masala
2010,loosely packed American ginseng
2011,flaked coconut
2012,fresh tomatoes
2013,cubanelle peppers
2014,chopped roasted peanuts
2015,pork shoulder or pork tenderloin
2016,pork belly
2017,Charcoal grill
2018,Chinese chives/garlic chives
2019,egg
2020,ground white or black pepper
2021,iceberg or romaine lettuce
2022,cleaned whole trout or fillets
2023,finely chopped celery
2024,chicken wings or drumettes
2025,mozzarella cheese
2026,nuts
2027,prosciutto
2028,baby portabella mushrooms
2029,zest of 4 lemons
2030,dried penne
2031,freshly squeezed lemon juice
2032,dried noodles of your choice
2033,head of iceberg lettuce
2034,Chinese or English cucumber
2035,whole squab
2036,cardamom pod
2037,hokkien noodles
2038,Asian pear
2039,pumpkin purée
2040,sparkling water
2041,Juice of 1 lemon and 1 orange
2042,beef brisket
2043,boiled water
2044,kosher salt
2045,chopped fresh pineapple
2046,scant cup salted roasted peanuts
2047,One medium head of cauliflower
2048,Maruchan Shrimp-flavored Instant Noodles
2049,heaping teaspoon minced garlic
2050,jalapeno peppers
2051,steamed jasmine rice
2052,Chinese black rice vinegar
2053,toasted pecans and walnuts
2054,Fried wonton wrapper
2055,Mayonnaise
2056,tomato sauce
2057,cilantro
2058,pickled radish
2059,broccolini
2060,firm or medium firm tofu
2061,handfuls dried lily flowers
2062,nonfat dry milk powder
2063,small pieces cinnamon stick
2064,Kitchen string
2065,large whole head-on shrimp
2066,cubes white fermented bean curd
2067,short grain rice
2068,mung bean vermicelli noodles
2069,long hot red pepper
2070,fresh or frozen edamame
2071,toasted unsweetened coconut flakes
2072,daikon
2073,thin pizza crusts
2074,rice
2075,Salmon filet with the skin on
2076,mint
2077,skinless walnuts halves and pieces
2078,Shaoxing Wine
2079,pork belly or shoulder
2080,roughly chopped or torn mint
2081,long grain rice
2082,watercress
2083,kale
2084,Dill sprigs
2085,extra-virgin olive oil
2086,jasmine rice
2087,of one large spaghetti squash
2088,panko bread crumbs
2089,russet potato
2090,large-diced onion
2091,Digital scale
2092,ripe mango
2093,green onions
2094,canned or frozen corn
2095,plain dried breadcrumbs
2096,warm water – for soaking rice wrappers
2097,fresh cilantro
2098,brown rice
2099,beef stock
2100,white vinegar
2101,medium white or yellow onion
2102,Chicken bone-in pieces
2103,toasted peanuts
2104,kosher
2105,medium dried Shiitake mushrooms
2106,Black pepper
2107,Bunashimeji or Beech mushrooms washed and drained
2108,Toasted sesame seeds
2109,semi-boneless leg of lamb
2110,crushed tomatoes
2111,boneless pork chops
2112,cumin
2113,powdered confectioners sugar
2114,finely grated garlic
2115,rotisserie chicken
2116,cup
2117,five spice tofu
2118,challah
2119,Chili Oil
2120,medium shrimp
2121,Vegetable or peanut oil
2122,round cookie cutter
2123,Chopped green onion and / or toasted sesame seeds
2124,anchovy oil
2125,dried noodle
2126,loosely packed orange zest
2127,coconut cream
2128,flat-leaf spinach
2129,Olive oil
2130,small green bell pepper
2131,extra sharp cheddar cheese
2132,eggs for topping
2133,very hot water
2134,A handful of fresh mint leaves
2135,dried licorice root
2136,liquid from fermented tofu
2137,creamy peanut butter
2138,Sichuan chili flakes
2139,Shaoxing wine or dry sherry
2140,packed light brown sugar
2141,green leaf
2142,dried short cut pasta
2143,water or stock
2144,ground sichuan peppercorns
2145,Japanese mayonnaise
2146,fish filets or collars
2147,juice of half a lime
2148,Sriracha or sambal
2149,soft or silken tofu
2150,fresh thyme per pound
2151,cooked cooled jasmine rice
2152,skin-on boneless pork belly
2153,stalk celery
2154,Japanese milk bread
2155,butter
2156,chinkiang vinegar
2157,tomatoes
2158,dried red adzuki beans
2159,roasted peanuts
2160,Raw sesame seeds
2161,shucked oysters
2162,sweet filling of your choice
2163,pumpkin puree
2164,beets
2165,clementine
2166,dried rosebuds or petals
2167,Chinese broccoli baby bok choy or chopped broccoli
2168,hand-chopped ground pork with 20% fat
2169,freshly ground black pepper per pound
2170,old-fashioned rolled oats
2171,dry vermicelli/glass noodles
2172,homemade chicken stock
2173,Sacha sauce
2174,dried thyme
2175,Enough water to cook the noodles per package instructions
2176,noodle of your choice
2177,Braised pork ribs
2178,Beef filling
2179,Stubbs Soy Garlic & Red Pepper Marinade
2180,rice vinegar
2181,lemon wedges
2182,Flossy salt or coarsely ground sea salt
2183,roasted jalapeno
2184,white pepper
2185,Brussels sprouts
2186,A small handful of bok choy for each serving
2187,green beans
2188,vegetable or mushroom stock
2189,dace fish with salted black beans
2190,Thai red curry paste
2191,pork and chicken stock
2192,marshmallows
2193,bunch swiss chard
2194,onions or shallots
2195,low sodium beef or chicken stock
2196,puff pastry
2197,coarsely ground white pepper
2198,broth
2199,neutral oil
2200,toasted sesame oil
2201,chopped fresh basil
2202,shrimp paste
2203,salted preserved radish
2204,softened cream cheese
2205,large piece fermented red bean curd
2206,pumpkin seeds
2207,Chinese pickled radish
2208,cooked protein
2209,cooked lump crab meat
2210,small baguette
2211,Vegetable oil to coat the dough
2212,sesame paste
2213,vegan dark chocolate chips
2214,spiced pressed tofu
2215,butter or olive oil
2216,agave syrup
2217,ground allspice
2218,cured pork belly
2219,chicken pieces
2220,turkey or chicken stock
2221,white rice
2222,2 tablespoons homemade chili oil
2223,ground fennel seeds
2224,cremini or shiitake mushrooms
2225,homemade rough puff pastry
2226,black cardamom
2227,Ground white pepper
2228,walnut halves
2229,sliced carrot
2230,meat
2231,dried shrimp
2232,Yukon gold potatoes
2233,cold unsalted butter
2234,Lao Gan Ma chili crisp
2235,Chicken stock
2236,fresh king oyster mushrooms
2237,parchment paper
2238,Homemade Chinese chili oil
2239,dried noodles
2240,julienned red bell pepper or carrot
2241,limes
2242,instant ramen
2243,extra-firm tofu
2244,sugar or to taste
2245,almond extract
2246,ground lean pork
2247,sweet bean sauce or hoisin sauce
2248,water spinach
2249,ginger garlic paste
2250,Yukon potatoes julienned
2251,Baby bok choy
2252,fine sea salt
2253,chopped garlic
2254,Lao Gan Ma Spicy Chili Crisp
2255,Pickled vegetables
2256,toasted coconut
2257,spiced tofu
2258,large scallions
2259,minced fresh garlic
2260,chicken bouillon paste
2261,Japanese or Chinese eggplant
2262,handful of chopped carrot
2263,chicken parts/bones
2264,sand ginger powder or galangal powder
2265,bell peppers
2266,frozen vegetables
2267,cilantro chopped
2268,shimeji mushroom
2269,boneless duck breasts
2270,dried goji berries
2271,yogurt
2272,450 g flank steak
2273,freshly cracked black pepper
2274,low-sodium Spam
2275,pepper of your choice
2276,regular granulated sugar
2277,chicken stock or vegetable stock
2278,can diced tomatoes
2279,water or chicken broth
2280,dried tofu
2281,fresh Hong Kong pan fried noodles
2282,Goji Berries
2283,mandarin oranges
2284,softened butter or vegetable shortening for greasing cake pan if using
2285,thai or sweet basil leaves
2286,romaine or iceberg lettuce
2287,leafy greens of choice
2288,flank steak or other cuts
2289,sirloin steak
2290,beaten egg yolk
2291,Strawberries
2292,Your favorite jarred or homemade tomato sauce
2293,Thai red chilies
2294,Lao Gan Ma chili sauce
2295,pineapple juice from the can
2296,drained capers
2297,flank steak
2298,ground cinnamon
2299,canned chickpeas
2300,brown mushrooms
2301,dried sand ginger
2302,small dried Chinese Mushrooms
2303,chopped fresh red chili
2304,turmeric
2305,Steamed white rice to serve with
2306,16 oz. whole branzino
2307,light olive oil or canola oil
2308,stalks garlic chives
2309,sliced almonds
2310,large Korean pear
2311,hot water
2312,diced green beans
2313,za-cai
2314,noodles
2315,Italian or submarine rolls
2316,sun-dried tomatoes
2317,head garlic
2318,mayonnaise
2319,boneless beef chuck roast
2320,spiced dry tofu
2321,pickled green cabbage
2322,Chinese BBQ pork
2323,oil from the oil you used to fry the flounder
2324,small dried shrimp
2325,lightly toasted sesame seeds
2326,finely shredded lean pork
2327,ripe bananas
2328,ice
2329,ground nutmeg
2330,Small bunch of Thai basil leaves or 2 scallions cut into 2-inch/5cm lengths
2331,uncooked short grain sticky rice
2332,red pepper
2333,fresh thick rice noodles
2334,white fish fillet
2335,dried sweet potato noodles
2336,dried seaweed
2337,frozen udon noodles
2338,canned diced tomatos
2339,large bitter melon
2340,Franks hot sauce
2341,oyster sauce
2342,shiitake mushrooms
2343,boneless pork shoulder/pork butt
2344,duck
2345,large garlic clove
2346,large shrimp
2347,Hojicha tea
2348,potato
2349,Thai red chili peppers
2350,grated clementine zest
2351,parmesan cheese
2352,raw trimmed peeled ube
2353,red or yellow pepper
2354,juice/syrup
2355,dried chili flakes
2356,dried kelp
2357,large chicken breast
2358,total small boneless skinless chicken breasts
2359,thick sweet potato starch
2360,beef shank
2361,gravy
2362,ripe tomatoes
2363,sour cream
2364,jalapeno
2365,semisweet or bittersweet chocolate
2366,lamb breast
2367,large very ripe mango
2368,low-sodium chicken broth
2369,Chopped cilantro leaves for garnish
2370,Chicken Feet
2371,white bread per sandwich
2372,fresh potato noodles
2373,dried ginger
2374,fresh bay leaves
2375,medium zucchini
2376,dried mini shrimp
2377,Cinnamon sugar
2378,fresh thin wheat noodles
2379,chicken base
2380,finely chopped scallions
2381,sand ginger
2382,chopped scallion
2383,large dried shiitake mushrooms
2384,Fresh ground black pepper
2385,Simple syrup: 2 teaspoons of sugar dissolved in 2 teaspoons hot water
2386,beech mushrooms
2387,pork shoulder chops
2388,warm chicken stock or water
2389,Shacha sauce
2390,Shishito peppers
2391,round egg dumpling skins
2392,sage leaves
2393,medium dried shiitake mushrooms
2394,mixed seafood
2395,red dried Chinese chili peppers
2396,fresh asparagus
2397,stalks Chinese broccoli
2398,dried bean threads
2399,chili pepper
2400,low-sodium chicken or vegetable stock or water + 1 bouillon cube
2401,almond flour
2402,sprigs fresh cilantro
2403,napa cabbage
2404,ice cold seltzer water
2405,old fashioned oats
2406,Pepper
2407,A 2-inch piece of ginger
2408,melted unsalted butter
2409,Chinese spice packet for braising
2410,fresh or frozen snow peas
2411,dried sour plum
2412,Tofu sheets
2413,large russet potatoes
2414,orange bell pepper
2415,Any dried pasta
2416,1 tablespoon Shaoxing wine
2417,bay leaves
2418,Corn Tortillas
2419,mulberries
2420,tamarind concentrate
2421,duck eggs
2422,large slice ginger
2423,sake or rice wine
2424,diced turkey
2425,Cucumber
2426,Chinese cinnamon stick
2427,reserved blanching liquid
2428,Ground black pepper
2429,Andouille sausages
2430,Strawberry jam mixed with a few drops of apple cider vinegar
2431,if you want to add the pork component youll also need 1 cup ground pork 3 more tablespoons oil and an extra 1/2 cup of chopped scallion
2432,boiling water
2433,egg noodles
2434,dried red chilies
2435,salmon filets
2436,Thai sweet soy sauce
2437,frozen mixed vegetables
2438,self-rising flour
2439,Korean red pepper powder
2440,re-hydrated seaweed/kelp
2441,dark or semisweet chocolate chips
2442,Roasted seaweed flakes or sheets
2443,finely julienned ginger
2444,per pound minced garlic
2445,Ice
2446,bone-in pork chops
2447,Sushi rolling mat
2448,kidney beans
2449,rosemary
2450,Steamed vegetables
2451,steamed medium grain rice
2452,granulated sugar
2453,dong cai
2454,edible dried rose buds
2455,small winter bamboo shoot
2456,optional add-ins
2457,beef or chicken stock
2458,coriander powder
2459,A large
2460,boneless pork shoulder or pork loin
2461,gochujang paste
2462,vegetable oil avocado oil or melted coconut oil
2463,medium eggs
2464,roasted walnuts
2465,vegan fish sauce or soy sauce
2466,sliced bamboo shoots
2467,rice paper wrappers
2468,garlic chives
2469,wonton wrappers
2470,raw salted duck eggs
2471,Chinese scallion
2472,white Chinese turnip or daikon radish
2473,boneless skinless pork belly
2474,plain cornmeal
2475,tequila
2476,clementine juice
2477,cauliflower
2478,fresh Hong Kong Style Egg Noodles
2479,pork
2480,Chinese
2481,whole water chestnuts
2482,piece of ginger
2483,Salt and fresh ground black pepper
2484,handful of any kind of leafy green vegetables
2485,raw beef short ribs
2486,Simple syrup
2487,Mint
2488,whole sea bass
2489,plain roasted peanuts
2490,corn Chex cereal
2491,lean pork shoulder/butt
2492,Ice cubes
2493,fresh sage
2494,boneless beef short ribs or well-marbled beef chuck
2495,Hoisin sauce
2496,slab of pork belly
2497,fried sage
2498,long beans
2499,Sesame seeds poppy seeds or other toppings
2500,shallots
2501,A small handful of tortilla chips
2502,homemade black bean sauce
2503,red bean curd plus 1 teaspoon juice
2504,medium Chinese turnip or daikon radish
2505,ground cardamom
2506,toasted seaweed sheets
2507,medium-sized dried shiitake mushrooms
2508,duck breast
2509,hoisin sauce
2510,uncooked sweet rice
2511,Scale
2512,baked tofu
2513,cooked noodles
2514,whole canned straw mushrooms
2515,cooked white Jasmine rice
2516,pork rib tips or ribs
2517,fresh or frozen fruit
2518,quail eggs
2519,Disposable gloves
2520,small shucked oysters
2521,scalops
2522,duo jiao chili peppers
2523,leftover cooked rice
2524,agave nectar
2525,Chopped scallions
2526,fresh Thai basil leaves
2527,red holland chili pepper
2528,uncooked short grain rice
2529,zest of 1 lime
2530,peanut oil for frying
2531,fresh lemon zest
2532,cumin powder
2533,fried tofu
2534,sprigs cilantro
2535,Rolling pin
2536,spicy bean paste
2537,hot chicken stock
2538,fresh or frozen udon noodles
2539,fresh bean curd skin
2540,medium tofu
2541,finely chopped parsley
2542,brown sugar
2543,sweet or spicy Italian sausage
2544,fresh thin Hong Kong Style Egg Noodles
2545,green onion white part
2546,dried jujubes
2547,nutmeg powder
2548,jujubes
2549,ground Indian red pepper
2550,soybean sauce or hoisin sauce
2551,goat cheese
2552,whole fermented black beans
2553,fresh or dried white noodles
2554,Thai bird chili
2555,hunan chili peppers
2556,vegetables
2557,medium-sized yellow onion
2558,boiling hot water
2559,red wine vinegar
2560,salted preserved Chinese turnip
2561,apples
2562,sui mi ya cai
2563,small daikon radish
2564,large piece of dried tangerine peel
2565,red fermented tofu
2566,whole cloves
2567,cool water
2568,Whipped cream
2569,bunches watercress
2570,melted coconut oil
2571,Zest of a whole lemon
2572,Salt and Pepper
2573,fresh white noodles or lo mein egg noodles
2574,chrysanthemum greens
2575,sake
2576,salted duck yolks
2577,regular celery
2578,pork lard
2579,boneless beef chuck or brisket
2580,whole scallions
2581,tofu sheet
2582,beef chicken or pork
2583,dried cranberries
2584,yukon gold potatoes
2585,skirt steak
2586,slice ginger
2587,per pound minced fresh rosemary
2588,chopped greens of your choice
2589,black peppercorns
2590,Pete and Gerrys Organic Egg
2591,dried licorice root slices
2592,dried Italian herb seasoning
2593,frozen vegetable mix
2594,freshly ground cumin seed
2595,boneless beef chicken or pork
2596,Chinese fried dough
2597,dried pasta of your choice
2598,dried wood ear mushrooms
2599,Optional Sriracha sauce for serving
2600,finely chopped shallots or red onion
2601,Optional cornstarch slurry: 1 tablespoon cornstarch mixed with 1 tablespoon water
2602,whole black silkie chicken
2603,Freshly ground pepper
2604,beef rough flank
2605,long grain white rice
2606,Small amount of oil
2607,chopped peanuts
2608,Instant ramen
2609,ricotta salata
2610,cloves
2611,anaheim chilis
2612,Steaming rack
2613,salmon fillets
2614,turkey thighs
2615,Fresh ground pepper
2616,fresh fruit
2617,sago or mini tapioca pearls
2618,water or vegetable stock
2619,pumpkin pie spice
2620,anaheim pepper or other hot pepper of your choice
2621,homemade hand-pulled noodles
2622,kecap manis
2623,Mandarin pancakes
2624,Water and a pastry brush
2625,Chinese dried red dates/jujubes
2626,fillet of delicate white fish
2627,water from boiling the pork belly
2628,gong zai Doll brand chicken flavored instant noodles
2629,fresh cilantro leaves
2630,paejori
2631,Peanut butter
2632,Shrimp Chips – Ha Peen
2633,yellow tomato
2634,boneless skinless chicken breast or thighs or ground chicken
2635,Juice of half a lime
2636,large thumb ginger
2637,raw white rice
2638,small yellow or white onion
2639,freshly ground white pepper
2640,chopped Chinese celery
2641,chicken wings
2642,medium carrot
2643,extra large egg yolk
2644,scallion green
2645,Skirt steak
2646,shredded or flaked coconut
2647,white button mushrooms
2648,whole pecans
2649,1 cucumber sliced into thin strips
2650,mirin
2651,short grain white rice
2652,minced shallot
2653,green onion for garnish
2654,raw cashews
2655,sea scallops
2656,condensed milk
2657,dried Pad Thai rice noodles
2658,large garlic cloves
2659,Water
2660,regular soy sauce
2661,peeled shrimp chopped into small pieces
2662,rose-flavored rice wine or shaoxing wine
2663,block fried tofu or baked tofu
2664,dried osmanthus flower
2665,Sriracha sauce or homemade chili oil
2666,pineapple slices
2667,Chopped scallion and cilantro
2668,beef
2669,fresh rosemary
2670,pecans
2671,fatty thinly sliced hot pot beef
2672,straw mushrooms
2673,Chinese aromatic herb packet
2674,single crust pie dough
2675,low sodium soy sauce
2676,fresh red chilies
2677,of ginger
2678,Fried egg
2679,lamb loin
2680,allspice powder
2681,sweetened coconut flakes
2682,Vietnamese ground coffee
2683,brown rock sugar
2684,egg + 1 egg yolk
2685,sourdough starter
2686,salted meaty pork neck bones
2687,vegan chicken
2688,thai basil leaves
2689,chicken thighs and drumsticks
2690,rice flour for dredging
2691,persian cucumber
2692,White pepper powder
2693,diced red onion or shallot
2694,Lao Gan Ma spicy black bean sauce
2695,tofu puffs
2696,Sesame marinated vegetables
2697,sharp provolone per sandwich
2698,Stir fried tomato and egg
2699,Chopped cilantro for garnish
2700,onion powder
2701,ground or whole cloves
2702,grated cheddar cheese
2703,dry roasted peanuts
2704,servings noodles
2705,Garnish
2706,Sliced hot peppers of your choice
2707,red cabbage
2708,Chinese or Japanese eggplants
2709,butternut squash
2710,Chinese chives
2711,Shredded toasted seaweed
2712,dried shiitake mushrooms
2713,Salted Duck Eggs
2714,bitter melon
2715,Sriracha and hoisin sauce
2716,still or sparkling water
2717,Mixed berries
2718,taro
2719,fresh king trumpet oyster or shiitake mushrooms
2720,salt and freshly ground black pepper
2721,boneless skinless chicken breasts
2722,Vegetable oil for deep-frying
2723,yellow rice
2724,curry leaves
2725,red Holland pepper
2726,Crushed roasted peanuts or roasted sesame seeds
2727,diced vegetables of your choice
2728,english cucumber
2729,russet potatoes
2730,minced ginger
2731,cold seltzer
2732,large frozen tang yuan
2733,red chili
2734,crushed red pepper flakes
2735,Bai Jiu
2736,mascarpone cheese
2737,pepper
2738,periwinkle snails
2739,chow mein noodles
2740,fresh tangerines or mandarin oranges
2741,loose leaf oolong tea
2742,Juice of half a lemon
2743,full-fat coconut milk
2744,wheat starch
2745,century eggs
2746,small buffalo carp pomfret or king fish
2747,small potatoes
2748,thin slices of ginger
2749,grated Parmesan cheese
2750,Roasted seaweed sheets
2751,dried zongzi leaves
2752,fermented red bean curd
2753,sprigs thyme
2754,beef flank steak
2755,Sichuan pickled mustard greens
2756,white sugar
2757,tamarind puree
2758,pork shoulder
2759,dried chili
2760,can crushed tomatoes
2761,sliced napa cabbage
2762,edamame
2763,Dark chocolate sprinkles
2764,crushed almonds
2765,Chili oil
2766,unbleached bread flour
2767,Japanese sweet potato
2768,dried soybeans
2769,Yukon Gold potatoes
2770,mixed frozen seafood
2771,Zest of 1/2 lemon
2772,handful dried lily flowers
2773,dried black beans
2774,of leftover cooked jasmine rice
2775,dried oysters
2776,pineapple
2777,boiled shelled edamame
2778,Lamb with carrot and zucchini
2779,ground bean sauce
2780,dried egg noodles
2781,fresh thin white wheat noodles
2782,Oil spray
2783,Ginger scallion sauce
2784,firm tofu
2785,tamarind paste or concentrate
2786,dried currants
2787,white shimeji mushrooms
2788,boneless chicken breasts
2789,Hunan salted chilies
2790,hot water or chicken stock
2791,extra-large eggs
2792,a pinch of kosher salt
2793,oil-packed anchovy fillets
2794,Cilantro or chopped scallions for garnish
2795,fresh black pepper
2796,gochugaru
2797,canola oil
2798,ground annatto
2799,large cloves garlic
2800,mushrooms
2801,julienned ginger
2802,shallot
2803,zucchini
2804,dried bay leaves
2805,fresh firm tofu
2806,dark mushroom soy sauce
2807,ssamjang
2808,fresh winter bamboo shoots
2809,smoked bacon
2810,large bay leaf
2811,beef ribeye or sirloin steak
2812,ground white pepper
2813,big carrots
2814,ricotta cheese
2815,sea salt or Kosher salt
2816,whole chicken wings
2817,chicken liver
2818,medium red onion
2819,skinless chicken breast
2820,apple
2821,pork shoulder or pork loin
2822,green bell pepper or jalapeño
2823,black bean sauce
2824,small tapioca pearls
2825,black vinegar or rice vinegar
2826,Bourbon whiskey
2827,White pepper to taste
2828,slab of pork belly with the skin on
2829,full-fat milk
2830,red chili flakes or dried red chilis
2831,tablespoon
2832,whole roasting chicken preferably organic
2833,cashews
2834,handful of chopped onion
2835,inverted sugar syrup
2836,coleslaw mix
2837,of salt
2838,dried sage
2839,grated cheese
2840,Chinese sesame oil
2841,small onion or a couple of shallots
2842,coarsely ground black pepper
2843,A couple handfuls of bok choy or any leafy vegetable of choice
2844,seedless cucumbers
2845,roughly chopped or torn cilantro
2846,kosher salt or sea salt
2847,baby spinach leaves
2848,yellow onion
2849,pack spring roll wrappers
2850,homemade chili oil with flakes
2851,ginger slices
2852,small to medium dried shiitake mushrooms
2853,large russet potato
2854,freshly squeezed lime juice
2855,toasted walnuts
2856,dried glass noodles
2857,chicken feet
2858,noodle boiling water
2859,large handful of cilantro
2860,small orange
2861,boneless skinless chicken thigh or breast
2862,chicken bones
2863,fresh sea scallops
2864,fresh wide rice noodles
2865,long hot red or green chili pepper
2866,duck legs with thigh
2867,large head of broccoli
2868,peanut or vegetable oil
2869,chicken stock vegetable stock water or seltzer
2870,20g softened butter
2871,large egg yolk
2872,scallion whites
2873,green leaf lettuce
2874,potato noodles
2875,wasabi or Chinese hot mustard
2876,finely chopped fresh oregano
2877,blanched shelled and skinless peanuts
2878,sliced cheese
2879,hot dogs
2880,bunches of watercress
2881,honey
2882,salt and pepper mixture
2883,turkey
2884,Zest of 1 lemon
2885,medium-size dried shiitake mushrooms
2886,pack of fresh tofu skin
2887,bell pepper
2888,Juice and zest of 1 lime
2889,desiccated coconut
2890,Queso fresco
2891,green
2892,fresh button or cremini mushrooms
2893,whole star anise pod
2894,tapioca starch
2895,lettuce leaves
2896,Homemade sweet chili sauce
2897,coarsely ground/cracked fresh black pepper
2898,sesame seeds
2899,strawberries
2900,meaty pork bones
2901,diced potato
2902,ceremonial grade matcha
2903,Homemade nutty sauce
2904,thin asparagus spears or green beans
2905,raw uncooked lo mein noodles
2906,Fresh ground black pepper to taste
2907,white peppercorns
2908,fishcakes
2909,lamb
2910,coriander seed
2911,A few drops of sesame oil in each bowl
2912,lotus paste or red bean paste
2913,frozen veggies of your choice
2914,frozen bamboo shoots
2915,usukuchi soy sauce
2916,glutinous rice flour
2917,tahini
2918,fish fillet
2919,Chinese long chili pepper
2920,enoki mushrooms
2921,hot broth from the wonton boiling water
2922,ground lamb
2923,canned crushed tomatoes
2924,black bean chili sauce
2925,flour tortillas
2926,vegetable or chicken stock
2927,currants
2928,ground sichuan peppercorn
2929,ground meat
2930,fruit
2931,chestnuts
2932,Vegetable or chicken stock
2933,high quality chicken or vegetable stock
2934,chicken wingettes and drumettes
2935,boneless pork shoulder or pork butt
2936,Chee Hou sauce
2937,Napa cabbage
2938,liquid smoke
2939,white miso
2940,[no additional ingredients needed for this step]
2941,blackberries
2942,small head broccoli
2943,Japanese sake
2944,small cucumber
2945,string beans
2946,pickled mustard stems
2947,Thai Red Curry paste
2948,small bell peppers
2949,fresh oyster mushrooms
2950,Baijiu
2951,pineapple juice
2952,stalks broccoli rabe
2953,large seedless cucumber
2954,Homemade soy sauce egg
2955,low sodium vegetable stock
2956,120 ml plain tomato sauce
2957,low sodium chicken broth or water
2958,fresh or dried wheat noodles of your choice
2959,Vegetable oil for deep frying
2960,thin vermicelli
2961,water chestnut
2962,dry sherry
2963,heads choy sum
2964,dried Chinese jujubes
2965,raisins
2966,large napa cabbage leaves
2967,water from soaking the mushrooms
2968,water – 30 ml
2969,Taiwanese rice wine
2970,large ribeye steaks
2971,button mushrooms
2972,snow pea tips
2973,any tender cut of beef
2974,organic chicken bouillon
2975,Chinese hot mustard
2976,dried Sichuan chili peppers
2977,minced fresh sage
2978,fresh mushrooms
2979,Eastern or Yukon Gold potatoes
2980,room temp butter
2981,vegetable oil plus more for frying eggs
2982,distilled white or cane vinegar
2983,Chinese pickled peppers
2984,Juice of 1 lemon
2985,semolina
2986,green Sichuan peppercorn oil
2987,porgies
2988,distilled white vinegar
2989,hot sauce
2990,dashi stock or chicken stock
2991,level tablespoon fine sea salt
2992,lamb leg meat
2993,wheat noodles or rice noodles for gluten-free
2994,Kosher salt and freshly ground black pepper
2995,5×5-inch/13x13cm piece dried kelp
2996,dried red hot peppers
2997,unsweetened oat milk or soy milk
2998,thousand year-old eggs
2999,instant dry yeast
3000,chili flakes
3001,Green salad leaves or blanched bok choy to garnish
3002,meigan cai
3003,Peanut or Canola oil
3004,beef sirloin
3005,whole chicken
3006,mahi mahi fillet
3007,lamb leg
3008,firm or soft tofu
3009,fried tofu triangles
3010,Homemade pickled shallot
3011,fresh sweet potato noodles
3012,Choice of noodles to serve
3013,bone-in chicken leg-and-thigh portions
3014,Boiled or fried eggs
3015,1/8 teaspoon chili powder
3016,smoked paprika powder
3017,large fish filet
3018,toasted almonds
3019,Chinese sausages
3020,pork loin
3021,freshly grated lemon zest
3022,vegetarian oyster sauce
3023,liquid from the red fermented bean curd jar
3024,a handful of cilantro leaves
3025,Cocoa powder
3026,white pepper.
3027,Cubanelle peppers
3028,frozen scallion pancake
3029,all-purpose chili garlic sauce
3030,hot chicken or vegetable stock
3031,Char Siu
3032,dried Chinese Hawthorn berries
3033,recipe mantou dough
3034,beef braising liquid from homemade braised beef shank
3035,chili sauce or oil
3036,toasted sticky rice
3037,vegetable canola or light olive oil
3038,packed cups curly kale
3039,frozen shelled edamame
3040,dried mung bean vermicelli/glass noodles
3041,forbidden rice
3042,Long Island duckling
3043,dried red chili
3044,Kitchen twine to tie the zongzi
3045,long Chinese eggplants
3046,bittersweet or dark chocolate
3047,thin wonton wrappers
3048,roasted pistachios
3049,tarragon leaves
3050,whole fish
3051,peanut oil or corn oil
3052,vegetable oil
3053,homemade chili oil with 1 to 2 tablespoons of its sediment
3054,multigrain flour or cereal mix
3055,Fresh ground white pepper to taste
3056,jalapeño
3057,finely diced carrots
3058,beef-flavored instant ramen
3059,turkey fat drippings from the roasting pan
3060,Sriracha
3061,Thai basil or holy basil
3062,dried red dates
3063,butter and/or chicken fat from the chicken
3064,chopped cilantro for garnish
3065,skinless boneless chicken breasts
3066,medium apples
3067,a fine-meshed strainer lined with a piece of fine cheesecloth
3068,Maple syrup
3069,seedless cucumber
3070,tarragon
3071,chicken thighs or 1 breast
3072,tilapia or catfish fillet
3073,ice cream scoop
3074,fresh or dried red chilies
3075,granulated white sugar
3076,roasted unsalted walnuts
3077,Chinese garlic chives
3078,white miso paste
3079,neutral high smoke point oil
3080,bone-in pork loin end chops
3081,mixed berries
3082,scant teaspoon sea salt
3083,white-pepper
3084,Lemon wedges
3085,sweet corn kernels
3086,white sesame seeds
3087,Toasted black sesame seeds
3088,Chinese flat beans
3089,whole white peppercorns
3090,Sliced dried nori sheets for garnish
3091,watermelon radish
3092,fermented tofu
3093,tender mugwort leaves
3094,fresh or dried red chilis
3095,salmon
3096,English muffins
3097,white bread
3098,XO Sauce
3099,cashew milk
3100,peeled and deveined shrimp
3101,shiitake mushroom
3102,ground coriander
3103,sugar or rock sugar
3104,unsweetened full-fat coconut milk
3105,very thinly sliced beef
3106,finely chopped shallot
3107,peeled pumpkin or winter squash
3108,cold seltzer or club soda
3109,long hot green pepper
3110,cooked shrimp
3111,dark chocolate 50-70% chips
3112,Kewpie mayonnaise
3113,dried fox nut barley
3114,Sliced scallion for garnish
3115,mushroom powder
3116,small tomato
3117,instant noodles
3118,mushroom flavored dark soy sauce
3119,grated Manchego cheese
3120,chili oil or Sriracha
3121,dried chrysanthemum buds
3122,cinnamon
3123,pistachios
3124,white fermented bean curd
3125,small cassia cinnamon stick
3126,Zhu Hou or Chee Hou sauce
3127,pasta
3128,Thai Tea Mix
3129,fresh snow peas
3130,rice cake
3131,cola
3132,peanuts
3133,vanilla pudding mix / custard powder
3134,ahi tuna steaks
3135,unpressed soft tofu
3136,bamboo skewers
3137,per pound olive oil
3138,Fermented tofu
3139,fresh sage leaves
3140,heaping cup of rehydrated wood ears
3141,chopped cilantro or basil
3142,snow peas
3143,cabbage kimchi
3144,dried sweet potato starch noodles
3145,juice of 1 mandarin orange or clementine
3146,grated ginger
3147,dried amomum white cardamom
3148,Butter
3149,chunky sweet potato starch
3150,melted butter
3151,salted butter
3152,fatty ground pork
3153,Chili oil to taste if prefer a spicy taste
3154,per pound finely chopped fresh sage
3155,Chinese or Japanese eggplant
3156,cane vinegar
3157,chopped pepper
3158,black bean and garlic sauce
3159,regular or soft tofu
3160,beef plate
3161,bacon and/or chorizo
3162,salt and white pepper
3163,dry red beans
3164,crumbled blue cheese or gorgonzola
3165,red bell pepper
3166,mung bean noodles
3167,frozen dumpling wrappers
3168,instant black tapioca pearls
3169,oil
3170,FoodSaver® FM2000 Vacuum Sealing System
3171,chopped scallions
3172,pork sung
3173,whole Thai birds eye chilies
3174,large or 2 small apples
3175,loosely packed goji berries
3176,ribs celery
3177,glutinous rice
3178,Shanghai baby bok choy
3179,chopped napa cabbage
3180,goji berries
3181,white granulated sugar
3182,freshly squeezed mandarin orange juice
3183,Bean sprouts
3184,boneless chicken thigh or breast
3185,red bean paste
3186,xanthan gum
3187,Homemade duck pancakes
3188,cider vinegar
3189,chopped preserved radish
3190,thin-sliced bone-in or boneless pork rib chops
3191,small organic chicken
3192,king oyster mushroom
3193,Sliced jalapeno
3194,whole striped bass or sea bass
3195,choy sum stems
3196,chunjang
3197,small sweet potato
3198,salted pickled plum
3199,toasted white sesame seeds
3200,medium egg
3201,birds eye chilies
3202,About 4 cups water
3203,Chopped cilantro toasted ground Sichuan peppercorn flakes and toasted sesame seeds for garnish
3204,chili oil or chiu chow oil
3205,green Sichuan peppercorn infused oil
3206,fresh basil
3207,cocoa powder
3208,small paper cupcake cups
3209,minced cilantro stems
3210,Portuguese rolls
3211,Lee Kum Kee Premium Oyster Sauce
3212,salmon steak or filet
3213,fresh lo mein noodles
3214,sichuan peppercorns
3215,dashi powder
3216,lime wedges
3217,plum tomatoes
3218,whole lotus leaves
3219,about 6 tablespoons ice water
3220,toasted coconut flakes
3221,julienned cucumber
3222,assorted mushrooms
3223,Thai chili
3224,small clove garlic
3225,peanut vegetable or canola oil
3226,dried mung bean vermicelli
3227,chicken fat
3228,Maruchan Gold Soy Sauce Flavor Ramen
3229,lamb spare ribs
3230,thinly sliced carrot
3231,chopped onion
3232,chicken tenders wings drumsticks and/or thighs
3233,arrowhead roots
3234,melted butter or lard
3235,vanilla extract
3236,garlic chive
3237,doubanjiang
3238,minced onion
3239,minced garlic
3240,thumbnail ginger
3241,small head napa cabbage
3242,live lobsters
3243,medium tomatoes
3244,day-old long grain rice
3245,red anaheim chili
3246,potatoes
3247,crackers
3248,Fried shallots
3249,rigatoni
3250,butter or lard
3251,small slices ginger
3252,ginger piece
3253,ground almonds
3254,dried oregano
3255,reserved pasta water
3256,low sodium chicken stock or pork stock
3257,a handful of chopped cilantro
3258,leftover roast duck
3259,minced fresh rosemary
3260,Soy sauce to serve
3261,chicken stock or broth
3262,fresh honeycomb beef tripe
3263,smoked ham hocks
3264,small onion
3265,protein of your choice
3266,Reserved green onion
3267,celtuce leaves
3268,Steamed rice
3269,nutmeg
3270,The giblets
3271,chicken breast
3272,ground turkey
3273,chicken breasts or thighs
3274,small white onion
3275,grated parmesan cheese or grana padano
3276,fettuccine
3277,seasoned sweet soy sauce
3278,Chinese Red Dates
3279,Sliced cucumbers
3280,sand ginger powder
3281,sugar
3282,boneless chicken breast
3283,Pacific Foods Organic Low Sodium Chicken Broth
3284,pork shoulder or pork butt
3285,salted pork belly
3286,small chicken
3287,zest of 2 lemons
3288,green onions coarsely sliced to fill the marinade reserve green parts for garnish
3289,bibb lettuce
3290,bean sprouts
3291,shredded leftover Thanksgiving turkey
3292,small cabbage
3293,frozen udon
3294,center-cut
3295,full-fat unsweetened coconut milk
3296,gelatin sheet or powder
3297,cashews almonds or walnuts
3298,finely grated carrot
3299,Japanese eggplant
3300,Drizzle of sesame oil
3301,whole nutmeg
3302,yeast
3303,dumpling dipping sauce
3304,small Asian pear
3305,Leftover marinade
3306,chinese sesame paste
3307,corn flakes
3308,Chinese eggplants
3309,Small bunch of Thai basil
3310,Dipping salt
3311,fresh Alkaline noodle
3312,reserved shiitake soaking liquid
3313,chicken/pork stock or chicken stock
3314,whole peppercorns
3315,cheddar cheese
3316,Rotisserie chicken shredded
3317,small carrot
3318,Optional Toasted sesame seeds for garnish
3319,room temperature water
3320,Chopped green onions
3321,star anise pods
3322,thyme
3323,large tail-on shrimp
3324,low sodium chicken stock
3325,pork rib tips
3326,baby bok choy
3327,ramen noodles
3328,medium Yukon gold potatoes
3329,stalks Chinese chives
3330,Cornstarch
3331,Piping bag
3332,Vietnamese baguettes
3333,a big pinch of crushed red pepper flakes
3334,birds eye chilis
3335,homemade Beijing duck pancakes
3336,280g dangmyeon
3337,active dry yeast
3338,small batch basil
3339,dried orange peel
3340,uncooked Jasmine rice
3341,Steamed medium grain rice
3342,Mexican hot sauce
3343,marinade injector
3344,grated apple
3345,fresh mixed berries
3346,lean skin-on pork belly
3347,duo jiao salted chili peppers
3348,large dried orange peel
3349,cooked rice and orange slices
3350,flour or corn tortillas
3351,canola oil or peanut oil
3352,toasted sesame seeds
3353,flour
3354,handful bean sprouts
3355,cake flour
3356,Oil for deep frying
3357,broccoli stems
3358,Thai black glutinous rice
3359,cilantro stem
3360,whole head of garlic
3361,cod fillet
3362,of five spice powder
3363,Kaiser Rolls
3364,loosely packed licorice root
3365,sliced pepper
3366,A few pinches of flaky salt
3367,anaheim peppers
3368,A small handful of dried lily flowers
3369,boneless skin-on chicken thighs
3370,julienned bok choy
3371,large pieces ginger
3372,plain breadcrumbs
3373,dried red beans
3374,can of pineapple chunks
3375,meyer lemons
3376,unsweetened original almond milk
3377,1/4-ounce packet active dry yeast
3378,large ripe tomato
3379,jumbo tiger shrimp
3380,plus 1/2 teaspoon salt
3381,walnuts
3382,braising liquid
3383,cole slaw mix
3384,fish fillets
3385,each finely chopped cilantro and scallion
3386,medium beets
3387,chicken-style seitan
3388,Chinese cauliflower
3389,Chinese roast pork
3390,head red cabbage
3391,yu choy
3392,milk powder
3393,leftover white rice
3394,in total boneless thin pork chops
3395,fresh Hong Kong Style Pan-Fried Noodles
3396,chopped parsley and/or basil
3397,Thai chilies
3398,garlic
3399,pinto or pink beans
3400,fresh grated ginger
3401,salt to taste
3402,dried Chinese yam slices
3403,fresh herbs
3404,Chinese yams
3405,dried thin wheat noodles or somen noodles
3406,finely diced rehydrated shiitake mushrooms
3407,sweet Italian sausage
3408,green curry paste
3409,fresh lemons
3410,oil for frying
3411,cracked black pepper
3412,fine granulated sugar
3413,green leafy vegetable
3414,vegan chorizo
3415,Thai bird chilies
3416,preserved olive vegetable
3417,50g raisins + 2 large medjool dates
3418,meat of your choice
3419,cilantro leaves
3420,fettucine
3421,rainbow sprinkles
3422,lo mein noodles
3423,fresh enoki mushrooms
3424,pork fat
3425,spicy bean sauce/paste
3426,A whole chicken
3427,servings Asian beef stock
3428,dried Sichuan chili flakes
3429,canola oil or vegetable oil
3430,peeled shrimp
3431,fresh tilapia
3432,garlic powder
3433,cooked long-grain white rice
3434,Thai red bird chilies
3435,dry basmati rice
3436,The dried mushroom-soaking water
3437,1 tablespoon roasted sesame seeds for garnish
3438,A wad of preserved chili bamboo shoots
3439,Korean chili powder
3440,sticky rice flour
3441,medium yellow onion
3442,Roasted peanut
3443,frying oil
3444,whole star anise
3445,chicken thighs
3446,finely shredded boneless pork
3447,spinach leaves
3448,baby Yukon gold potatoes
3449,extra virgin olive olive oil
3450,granola
3451,dark soy sauce
3452,Thai Basil
3453,boneless leg of lamb or lamb shoulder
3454,Chopped fresh parsley
3455,Frozen peas
3456,Black pepper for garnish
3457,sliced ham
3458,dark soy
3459,can black beans
3460,live blue crab
3461,shelled raw peanuts
3462,A 50-gram Mooncake mold
3463,curly kale
3464,basil
3465,olive oil
3466,potato starch
3467,red chilies
3468,servings steamed white rice
3469,chili crisp
3470,pack dumpling wrappers
3471,shallot or red onion
3472,ball fresh mozzarella cheese
3473,red wine
3474,small heads of broccoli
3475,Duck sauce
3476,canned pineapple chunks
3477,Thai birds eye chili peppers
3478,char siu pork
3479,Chopped peanuts for garnish
3480,Vegetable canola or peanut oil
3481,Worcestershire sauce
3482,unsalted toasted peanuts
3483,freshly ground Sichuan peppercorn powder
3484,sliced white or cremini mushrooms
3485,salt
3486,turmeric powder
3487,Chinese beef stew
3488,Freshly ground white pepper
3489,pita rounds
3490,thin slices Spam
3491,assorted beans
3492,unsweetened shredded coconut flakes
3493,Enough oil to fill a deep skillet or saucepan with 2-3 inches of canola
3494,Sesame seeds and wonton chips for topping
3495,zest of 1 orange
3496,ripe peaches
3497,small corn on the cob
3498,hot cooking water from the noodles
3499,butter bibb or boston lettuce
3500,fresh coconuts
3501,Jimmy Dean® Applewood Smoked Bacon
3502,light soy
3503,Chinese celery
3504,lean bacon
3505,MSG or mushroom powder
3506,smelts
3507,sago
3508,beef broth
3509,Sambal chili sauce or Sriracha
3510,whole fermented Black Beans
3511,allspice
3512,fresh shiitake mushrooms
3513,belt fish
3514,dried rice paper wrappers
3515,enoki mushroom – 200g
3516,small red cabbage
3517,unsalted natural peanut butter
3518,tomato paste
3519,Coarse sea salt
3520,fresh lo mein egg noodles or cooked lo mein noodles
3521,semolina flour
3522,Chinese chili oil
3523,shell-on baby dried shrimps
3524,matcha powder
3525,turkey legs
3526,almond milk
3527,medium hot red chili peppers
3528,powdered gelatin
3529,danmuji
3530,soft tofu
3531,roasted cashews
3532,ears steamed sweet corn
3533,Fresh thyme
3534,scallion
3535,bunches scallions
3536,a large pinch cilantro
3537,crushed red pepper flake
3538,galangal
3539,Chili oil black vinegar and freshly ground white pepper to taste for serving
3540,fruit jam
3541,Hard boiled eggs
3542,whole chestnuts
3543,cured ham
3544,Virginia ham or boiled ham
3545,softened salted butter
3546,whole dried red Sichuan chilies
3547,pure maple syrup
3548,Avocado
3549,bok choy
3550,tilapia
3551,white fermented tofu
3552,Chili Garlic Sauce
3553,mint leaves
3554,chicken thigh or breast
3555,vinegar
3556,cooked white rice
3557,Peanut oil
3558,big pieces of dried seaweed for soup
3559,black pepper
3560,white rum
3561,medium russet potatoes
3562,small handful cilantro
3563,shelled and deveined raw shrimp
3564,salt & pepper
3565,galangal powder
3566,Wontons
3567,coarse black pepper
3568,glass noodles
3569,jalapeño peppers
3570,instant coffee powder
3571,zest of 1 large orange
3572,Chinese Red Lantern chili peppers
3573,Sous-vide precision cooker
3574,head broccoli
3575,day-old cooked rice
3576,long hot pepper
3577,citrus fruits
3578,anchovy fillets
3579,homemade tofu pudding
3580,pork ribs or pork neck bones
3581,sweet rice
3582,palm sugar or brown sugar
3583,overnight rice
3584,celtuce stem
3585,loosely packed chopped cilantro
3586,pork baby back ribs
3587,cooked long grain white rice
3588,medium butternut squash
3589,shelled skinless peanuts
3590,Raw garlic
3591,mackerel
3592,goat or lamb shank
3593,medium onions
3594,about 1/3 cup water
3595,Black tapioca pearls aka Bubbles aka Boba
3596,Thai chili peppers
3597,dried scallops
3598,spicy broad bean paste
3599,can bamboo shoots drained
3600,freshly coarsely ground Sichuan peppercorns
3601,small dried shiitake mushrooms
3602,fresh Shiitake mushrooms
3603,skin-on chicken thighs
3604,chicken soup
3605,large egg
3606,pork shoulder butt or belly
3607,purple onion
3608,chipotles in adobo sauce
3609,meaty oxtails
3610,medium to large cucumbers
3611,green peas
3612,Tuscan kale
3613,Fried eggs
3614,dried bean curd
3615,long hot green peppers
3616,potato starch or cornstarch
3617,6-inch square pieces of kombu
3618,pressed/spiced tofu
3619,lemons
3620,sugar syrup
3621,Cooked rice
3622,bone-in thin cut pork chops
3623,paprika powder
3624,dried liquorice slices
3625,sun-dried tomato
3626,Thai birds eye chilies
3627,boneless skinless chicken thighs or breast
3628,pork shank
3629,garlic clove
3630,1 tablespoon chopped chive for garnish
3631,zha cai
3632,medium onion
3633,5 spice powder
3634,ground dark meat chicken
3635,large potatoes
3636,green cardamom pods
3637,Pickled mustard greens
3638,fresh liangpi noodles
3639,sweet potato
3640,fresh wheat noodles
3641,frozen shepherds purse
3642,button or cremini mushrooms
3643,dried rice vermicelli
3644,warm beef stock or water
3645,dried Chinese tangerine peel
3646,chili garlic sauce or chili oil
3647,tomato
3648,Crispy nori sheets
3649,coconut flakes
3650,Fresh Korean noodles
3651,can pink beans
3652,squid
3653,apple cider vinegar
3654,finely minced garlic
3655,roughly chopped or torn Thai Basil
3656,Korean hot pepper flakes
3657,Pete & Gerrys eggs
3658,finely chopped peanuts
3659,Pump with a fine tip
3660,links of Chinese sausage
3661,corn tortillas
3662,Zest and juice of 1 lemon
3663,simple syrup
3664,red pepper flakes
3665,dried wood ear
3666,large shell-on headless shrimp
3667,A few drops of sesame oil
3668,barley malt syrup
3669,chopped Thai basil leaves
3670,sweet potato starch
3671,thin sliced kimchi
3672,Oyster sauce
3673,malt syrup
3674,mesclun greens or other mixed lettuce
3675,fresh white noodles
3676,alkaline water
3677,russet or yukon gold potato
3678,peaches
3679,pork back bones
3680,Duo Jiao
3681,Store-bought gyoza wrappers
3682,A handful of fresh cilantro
3683,five spice
3684,leftover ham
3685,medium shiitake mushrooms
3686,dried noodle of your choice
3687,Bench scraper
3688,manila clams
3689,Mixer
3690,of black pepper
3691,homemade dumplings wrappers
3692,salt and pepper
3693,spicy Italian sausage
3694,thin slices fresh ginger
3695,sprig thyme
3696,minced fresh ginger
3697,fresh chili peppers
3698,large eggs
3699,Taiwanese cabbage
3700,medium-sized white mushrooms
3701,Sliced hot chili pepper for garnish
3702,coconut oil
3703,small egg white
3704,chopped pancetta
3705,whole milk ricotta cheese
3706,pickled sour cabbage
3707,yellow bell pepper
3708,eight oz. salmon fillets
3709,Sweet bean sauce
3710,fennel seed
3711,finely chopped green onion
3712,Thai basil leaves
3713,sliced water chestnuts
3714,green bell peppers
3715,handful of dill pickle chips
3716,cold heavy cream
3717,youtiao
3718,chilled heavy cream
3719,lotus root
3720,fresh uncooked lo mein noodles
3721,Virginia ham cut into cubes
3722,ripe tomato
3723,flax seed meal
3724,fresh clams
3725,peanut oil
3726,chinese chives
3727,fresh Hong Kong Pan Fry noodles
3728,Roasted peanuts
3729,olive or vegetable oil
3730,dried laver
3731,purple Chinese eggplants
3732,Maruchan Chicken-flavored Instant Noodles
3733,Jarred pepperoncinis
3734,fresh fava beans
3735,kombu
3736,canola or vegetable oil
3737,oat milk
3738,extra-firm or firm tofu
3739,fresh pork belly
3740,sugar snap peas or snow peas
3741,raw peeled and deveined shrimp
3742,red chili peppers
3743,black cardamom pod
3744,links of sweet Chinese sausage
3745,spring roll wrappers
3746,wood ear mushrooms
3747,shaoxing wine
3748,heads of garlic
3749,lime wedge to serve with
3750,a handful of cherries
3751,shiitake
3752,a small handful of finely chopped scallion
3753,fish sauce
3754,lime juice
3755,liquid from salted pickled plum jar
3756,dried hibiscus flower/tea
3757,Fresh fruit
3758,Fresh basil
3759,1/4 cup + 2 tablespoons cool water
3760,Raw egg yolks
3761,tomato ketchup
3762,warm low sodium beef or chicken stock
3763,thinly sliced fatty beef
3764,Chinese rose wine
3765,dried Yi Mein noodles
3766,bunch young asparagus
3767,neutral flavored cooking oil
3768,active dry yeast or instant yeast
3769,egg whites
3770,sausage of your choice and/or Spam
3771,can sweetened condensed milk
3772,raspberries
3773,onions
3774,chickpeas
3775,medium garlic cloves
3776,top round steak
3777,finely minced scallions
3778,Thinly sliced raw onion
3779,minced Thai basil stems
3780,lap cheong sausages
3781,Seasoning packages from your instant ramen
3782,garlic scapes
3783,rock sugar
3784,Mung bean sprouts
3785,caster sugar/superfine sugar
3786,stalks celery
3787,unsalted pretzels
3788,white toasted sesame seeds
3789,caster sugar
3790,spicy bean sauce
3791,dried spaghetti or noodles
3792,paprika
3793,white cheddar cheese
3794,unsalted European-style butter
3795,thin spaghetti
3796,Turkey giblets
3797,boneless pork butt
3798,Madras curry powder
3799,dried red chili peppers
3800,fresh Thai bird chili peppers
3801,sweet red bean paste filling
3802,block firm tofu
3803,millet
3804,steak
3805,iceberg lettuce
3806,Chinese sesame paste
3807,long hot green or red pepper
3808,water that is close to boiling point
3809,licorice root
3810,One 6-inch section of lemongrass
3811,seafood mix
3812,lime zest
3813,dried Chinese dates
3814,good black tea leaves
3815,blackfish
3816,fresh ground black pepper
3817,per pound stone ground whole grain mustard
3818,fresh ground pepper
3819,eggplants
3820,pork loin chops
3821,Chinese broccoli
3822,uncooked brown rice
3823,cherry or grape tomatoes
3824,coriander seeds
3825,Chopped parsley or basil
3826,raw nuts or seeds
3827,Vietamese baguettes
3828,Asian vegetable stock
3829,boneless pork belly
3830,red chilis
3831,grated parmesan cheese
